"Name","Set.Name","R","High","Med","Low"
"A Killer Among Us","MKM","U",0.27,0.26,0.01
"A Mysterious Creature Token","MKM","T",0.14,0.13,0.01
"Absolving Lammasu","MKM","U",0.02,0.01,0.01
"Aftermath Analyst","MKM","U",3.2,2.71,0.49
"Agency Coroner","MKM","C",0.13,0.12,0.01
"Agency Outfitter","MKM","U",0.08,0.07,0.01
"Agrus Kos, Spirit of Justice","MKM","M",0.63,0.53,0.1
"Agrus Kos, Spirit of Justice (Showcase)","MKM","M",0.34,0.25,0.09
"Agrus Kos, Spirit of Justice (Showcase) (Invisible Ink)","MKM","M",1.26,0.81,0.45
"Airtight Alibi","MKM","C",0.02,0.01,0.01
"Alley Assailant","MKM","C",0.13,0.12,0.01
"Alquist Proft, Master Sleuth","MKM","M",0.62,0.53,0.09
"Alquist Proft, Master Sleuth (Showcase)","MKM","M",0.46,0.38,0.08
"Alquist Proft, Master Sleuth (Showcase) (Invisible Ink)","MKM","M",2,1.15,0.85
"Analyze the Pollen","MKM","R",0.67,0.55,0.12
"Analyze the Pollen (Showcase)","MKM","R",1.23,1.05,0.18
"Anzrag's Rampage","MKM","R",0.28,0.22,0.06
"Anzrag's Rampage (Showcase)","MKM","R",0.4,0.35,0.05
"Anzrag, the Quake-Mole","MKM","M",7.14,4.63,2.51
"Anzrag, the Quake-Mole (Showcase)","MKM","M",6,3.68,2.32
"Anzrag, the Quake-Mole (Showcase) (Invisible Ink)","MKM","M",13.94,7.04,6.9
"Archdruid's Charm","MKM","R",8.31,4.84,3.47
"Archdruid's Charm (Extended Art)","MKM","R",10.68,5.93,4.75
"Assassin's Trophy","MKM","R",3.58,2.58,1
"Assassin's Trophy (Extended Art)","MKM","R",3.25,1.75,1.5
"Assemble the Players","MKM","R",0.56,0.41,0.15
"Assemble the Players (Showcase)","MKM","R",0.54,0.45,0.09
"Audience with Trostani","MKM","R",0.31,0.3,0.01
"Audience with Trostani (Showcase)","MKM","R",0.41,0.37,0.04
"Aurelia's Vindicator","MKM","M",0.64,0.62,0.02
"Aurelia's Vindicator (Showcase)","MKM","M",0.63,0.53,0.1
"Aurelia's Vindicator (Showcase) (Invisible Ink)","MKM","M",2.28,1.43,0.85
"Aurelia, the Law Above","MKM","R",2.23,1.43,0.8
"Aurelia, the Law Above (Showcase) (0317)","MKM","R",6.87,4.87,2
"Aurelia, the Law Above (Showcase) (0357)","MKM","R",2.6,1.7,0.9
"Auspicious Arrival","MKM","C",0.04,0.03,0.01
"Auspicious Arrival (Showcase)","MKM","C",0.24,0.23,0.01
"Axebane Ferox","MKM","R",0.46,0.41,0.05
"Axebane Ferox (Extended Art)","MKM","R",0.44,0.35,0.09
"Barbed Servitor","MKM","R",0.47,0.41,0.06
"Barbed Servitor (Extended Art)","MKM","R",0.7,0.55,0.15
"Basilica Stalker","MKM","C",0.02,0.01,0.01
"Bat Token","MKM","T",0.27,0.19,0.08
"Behind the Mask","MKM","C",0.1,0.09,0.01
"Benthic Criminologists","MKM","C",0.03,0.02,0.01
"Bite Down on Crime","MKM","C",0.14,0.13,0.01
"Blood Spatter Analysis","MKM","R",0.17,0.14,0.03
"Blood Spatter Analysis (Extended Art)","MKM","R",0.96,0.94,0.02
"Bolrac-Clan Basher","MKM","U",2,1.99,0.01
"Branch of Vitu-Ghazi","MKM","U",0.16,0.15,0.01
"Break Out (a)","MKM","U",0.44,0.43,0.01
"Break Out (b)","MKM","U",0.29,0.28,0.01
"Bubble Smuggler","MKM","C",0.02,0.01,0.01
"Burden of Proof","MKM","U",0.08,0.07,0.01
"Buried in the Garden","MKM","U",0.24,0.23,0.01
"Call a Surprise Witness","MKM","U",0.06,0.05,0.01
"Call a Surprise Witness (Showcase)","MKM","U",0.31,0.3,0.01
"Candlestick","MKM","U",0.16,0.15,0.01
"Case File Auditor (a)","MKM","U",0.16,0.15,0.01
"Case File Auditor (b)","MKM","U",0.25,0.24,0.01
"Case of the Burning Masks","MKM","U",0.02,0.01,0.01
"Case of the Crimson Pulse","MKM","R",0.47,0.42,0.05
"Case of the Filched Falcon","MKM","U",0.32,0.31,0.01
"Case of the Gateway Express","MKM","U",0.3,0.29,0.01
"Case of the Gorgon's Kiss (a)","MKM","U",0.11,0.1,0.01
"Case of the Gorgon's Kiss (b)","MKM","U",0.05,0.04,0.01
"Case of the Locked Hothouse","MKM","R",4.3,2.17,2.13
"Case of the Pilfered Proof","MKM","U",0.24,0.23,0.01
"Case of the Ransacked Lab","MKM","R",0.96,0.87,0.09
"Case of the Shattered Pact","MKM","U",0.17,0.16,0.01
"Case of the Stashed Skeleton","MKM","R",0.45,0.4,0.05
"Case of the Trampled Garden","MKM","U",0.25,0.24,0.01
"Case of the Uneaten Feast","MKM","R",0.94,0.76,0.18
"Caught Red-Handed","MKM","U",0.1,0.09,0.01
"Cease // Desist","MKM","U",0.24,0.23,0.01
"Cerebral Confiscation","MKM","C",0.11,0.1,0.01
"Chalk Outline","MKM","U",0.4,0.39,0.01
"Clandestine Meddler (a)","MKM","U",0.29,0.28,0.01
"Clandestine Meddler (b)","MKM","U",0.05,0.04,0.01
"Clue (0014) // A 0041 Double-Sided Token","MKM","T",0.26,0.25,0.01
"Clue (0015) // A 0042 Double-Sided Token","MKM","T",0.16,0.15,0.01
"Clue (0016) // A 0043 Double-Sided Token","MKM","T",0.15,0.14,0.01
"Clue (0017) // A 0044 Double-Sided Token","MKM","T",0.28,0.27,0.01
"Clue (0018) // A 0045 Double-Sided Token","MKM","T",0.28,0.27,0.01
"Coerced to Kill","MKM","U",0.08,0.07,0.01
"Coerced to Kill (Showcase)","MKM","U",0.4,0.39,0.01
"Cold Case Cracker","MKM","C",0.16,0.15,0.01
"Commercial District","MKM","R",12.94,8.52,4.42
"Commercial District (Borderless)","MKM","R",24.78,17.53,7.25
"Concealed Weapon","MKM","U",0.04,0.03,0.01
"Connecting the Dots","MKM","R",0.29,0.26,0.03
"Connecting the Dots (Extended Art)","MKM","R",0.38,0.33,0.05
"Conspiracy Unraveler","MKM","M",0.54,0.46,0.08
"Conspiracy Unraveler (Showcase)","MKM","M",0.42,0.34,0.08
"Conspiracy Unraveler (Showcase) (Invisible Ink)","MKM","M",2.18,1.11,1.07
"Convenient Target","MKM","U",0.11,0.1,0.01
"Convenient Target (Showcase)","MKM","U",0.26,0.25,0.01
"Cornered Crook","MKM","U",0.02,0.01,0.01
"Coveted Falcon","MKM","R",0.32,0.31,0.01
"Coveted Falcon (Extended Art)","MKM","R",0.65,0.55,0.1
"Crime Novelist","MKM","U",0.96,0.78,0.18
"Crimestopper Sprite","MKM","C",0.04,0.03,0.01
"Crowd-Control Warden","MKM","C",0.03,0.02,0.01
"Cryptex","MKM","R",0.12,0.11,0.01
"Cryptex (Extended Art)","MKM","R",0.31,0.29,0.02
"Cryptic Coat","MKM","R",0.46,0.41,0.05
"Cryptic Coat (Extended Art)","MKM","R",0.67,0.62,0.05
"Culvert Ambusher","MKM","U",0.23,0.22,0.01
"Culvert Ambusher (Showcase)","MKM","U",0.16,0.15,0.01
"Curious Cadaver","MKM","U",0.02,0.01,0.01
"Curious Cadaver (Showcase)","MKM","U",0.11,0.1,0.01
"Curious Inquiry","MKM","U",0.15,0.14,0.01
"Deadly Complication","MKM","U",0.06,0.05,0.01
"Deadly Complication (Showcase)","MKM","U",0.06,0.05,0.01
"Deadly Cover-Up","MKM","R",0.55,0.46,0.09
"Deadly Cover-Up (Extended Art)","MKM","R",0.4,0.25,0.15
"Deduce","MKM","C",0.15,0.14,0.01
"Deduce (Showcase)","MKM","C",0.25,0.24,0.01
"Defenestrated Phantom","MKM","C",0.06,0.05,0.01
"Delney, Streetwise Lookout","MKM","M",62.94,32.48,30.46
"Delney, Streetwise Lookout (Showcase)","MKM","M",57.4,30.9,26.5
"Delney, Streetwise Lookout (Showcase) (Invisible Ink)","MKM","M",68.18,42.99,25.19
"Demand Answers","MKM","C",0.59,0.43,0.16
"Demand Answers (Showcase)","MKM","C",0.59,0.54,0.05
"Detective // Bat Double-Sided Token","MKM","T",0.54,0.34,0.2
"Detective // Dog Double-Sided Token","MKM","T",0.33,0.24,0.09
"Detective // Goblin Double-Sided Token","MKM","T",0.07,0.04,0.03
"Detective // Human Double-Sided Token","MKM","T",0.28,0.23,0.05
"Detective // Imp Double-Sided Token","MKM","T",0.53,0.38,0.15
"Detective // Merfolk Double-Sided Token","MKM","T",0.36,0.29,0.07
"Detective // Ooze Double-Sided Token","MKM","T",0.57,0.3,0.27
"Detective // Plant Double-Sided Token","MKM","T",0.54,0.4,0.14
"Detective // Skeleton Double-Sided Token","MKM","T",0.62,0.49,0.13
"Detective // Spider Double-Sided Token","MKM","T",0.19,0.14,0.05
"Detective // Spirit Double-Sided Token","MKM","T",0.33,0.23,0.1
"Detective // Thopter (0019) Double-Sided Token","MKM","T",0.43,0.32,0.11
"Detective // Voja Fenstalker Double-Sided Token","MKM","T",0.37,0.22,0.15
"Detective Token","MKM","T",0.18,0.17,0.01
"Detective's Satchel","MKM","U",0.41,0.4,0.01
"Dog Token","MKM","T",0.34,0.3,0.04
"Dog Walker","MKM","C",0.06,0.05,0.01
"Doorkeeper Thrull","MKM","R",1.59,1.35,0.24
"Doorkeeper Thrull (Showcase)","MKM","R",1.26,1.03,0.23
"Doppelgang","MKM","R",0.93,0.73,0.2
"Doppelgang (Extended Art)","MKM","R",1.91,1.66,0.25
"Drag the Canal","MKM","R",0.29,0.28,0.01
"Drag the Canal (Extended Art)","MKM","R",0.31,0.3,0.01
"Dramatic Accusation","MKM","C",0.14,0.13,0.01
"Dramatic Accusation (Showcase)","MKM","C",0.02,0.01,0.01
"Due Diligence","MKM","C",0.07,0.06,0.01
"Elegant Parlor","MKM","R",12.99,6.99,6
"Elegant Parlor (Borderless)","MKM","R",28.18,18.68,9.5
"Eliminate the Impossible","MKM","U",0.04,0.03,0.01
"Escape Tunnel","MKM","C",0.41,0.36,0.05
"Essence of Antiquity","MKM","U",0.17,0.16,0.01
"Etrata, Deadly Fugitive","MKM","M",1.02,0.93,0.09
"Etrata, Deadly Fugitive (Showcase)","MKM","M",0.77,0.68,0.09
"Etrata, Deadly Fugitive (Showcase) (Invisible Ink)","MKM","M",5.06,3.31,1.75
"Evidence Examiner","MKM","U",0.03,0.02,0.01
"Exit Specialist","MKM","U",0.41,0.4,0.01
"Expedited Inheritance","MKM","M",0.41,0.35,0.06
"Expedited Inheritance (Extended Art)","MKM","M",0.88,0.73,0.15
"Expose the Culprit","MKM","U",0.25,0.24,0.01
"Expose the Culprit (Showcase)","MKM","U",0.13,0.12,0.01
"Extract a Confession","MKM","C",0.21,0.2,0.01
"Ezrim, Agency Chief","MKM","R",0.15,0.11,0.04
"Ezrim, Agency Chief (Showcase)","MKM","R",0.29,0.25,0.04
"Fae Flight","MKM","U",0.23,0.22,0.01
"Fae Flight (Showcase)","MKM","U",0.15,0.14,0.01
"Faerie Snoop","MKM","C",0.02,0.01,0.01
"Fanatical Strength","MKM","C",0.1,0.09,0.01
"Fanatical Strength (Showcase)","MKM","C",0.23,0.22,0.01
"Felonious Rage","MKM","C",0.27,0.26,0.01
"Festerleech","MKM","U",0.09,0.08,0.01
"Flotsam // Jetsam","MKM","U",0.35,0.34,0.01
"Flourishing Bloom-Kin","MKM","U",0.26,0.25,0.01
"Forensic Gadgeteer","MKM","R",3.18,2.18,1
"Forensic Gadgeteer (Showcase)","MKM","R",2.8,2.13,0.67
"Forensic Researcher","MKM","U",0.25,0.24,0.01
"Forest (0276)","MKM","L",0.29,0.25,0.04
"Forest (0285)","MKM","L",0.16,0.15,0.01
"Forest (0286)","MKM","L",0.08,0.06,0.02
"Forum Familiar","MKM","U",0.1,0.09,0.01
"Frantic Scapegoat","MKM","U",0.11,0.1,0.01
"Frantic Scapegoat (Showcase)","MKM","U",0.22,0.21,0.01
"Fugitive Codebreaker","MKM","R",0.26,0.22,0.04
"Fugitive Codebreaker (Showcase)","MKM","R",0.32,0.29,0.03
"Furtive Courier","MKM","U",0.02,0.01,0.01
"Fuss // Bother","MKM","U",0.07,0.06,0.01
"Gadget Technician","MKM","C",0.02,0.01,0.01
"Galvanize","MKM","C",0.16,0.15,0.01
"Gearbane Orangutan","MKM","C",0.17,0.16,0.01
"Get a Leg Up","MKM","U",0.35,0.34,0.01
"Gleaming Geardrake","MKM","U",0.17,0.16,0.01
"Gleaming Geardrake (Showcase)","MKM","U",0.34,0.33,0.01
"Glint Weaver","MKM","U",0.13,0.12,0.01
"Goblin Maskmaker","MKM","C",0.27,0.26,0.01
"Goblin Token","MKM","T",0.38,0.3,0.08
"Granite Witness","MKM","C",0.03,0.02,0.01
"Gravestone Strider","MKM","C",0.02,0.01,0.01
"Greenbelt Radical","MKM","U",0.26,0.25,0.01
"Griffnaut Tracker","MKM","C",0.02,0.01,0.01
"Haazda Vigilante","MKM","C",0.02,0.01,0.01
"Hard-Hitting Question","MKM","U",0.33,0.27,0.06
"Harried Dronesmith","MKM","U",0.14,0.13,0.01
"Hedge Maze","MKM","R",19.21,10.21,9
"Hedge Maze (Borderless)","MKM","R",37.18,26.18,11
"Hedge Whisperer","MKM","U",0.02,0.01,0.01
"Hide in Plain Sight","MKM","R",0.16,0.13,0.03
"Hide in Plain Sight (Extended Art)","MKM","R",0.29,0.27,0.02
"Homicide Investigator","MKM","R",0.14,0.11,0.03
"Homicide Investigator (Showcase)","MKM","R",0.54,0.53,0.01
"Hotshot Investigators","MKM","C",0.04,0.03,0.01
"Human Token","MKM","T",0.32,0.27,0.05
"Hunted Bonebrute","MKM","R",0.36,0.31,0.05
"Hunted Bonebrute (Extended Art)","MKM","R",0.53,0.43,0.1
"Hustle // Bustle","MKM","U",0.02,0.01,0.01
"Ill-Timed Explosion","MKM","R",0.48,0.4,0.08
"Ill-Timed Explosion (Extended Art)","MKM","R",0.52,0.43,0.09
"Illicit Masquerade","MKM","R",0.41,0.37,0.04
"Illicit Masquerade (Extended Art)","MKM","R",0.36,0.34,0.02
"Imp Token","MKM","T",0.5,0.37,0.13
"Incinerator of the Guilty","MKM","M",1.28,0.88,0.4
"Incinerator of the Guilty (Showcase)","MKM","M",0.77,0.56,0.21
"Incinerator of the Guilty (Showcase) (Invisible Ink)","MKM","M",3.01,2.02,0.99
"Innocent Bystander","MKM","C",0.07,0.06,0.01
"Inside Source","MKM","C",0.1,0.09,0.01
"Insidious Roots","MKM","U",8.74,7.99,0.75
"Insidious Roots (Showcase)","MKM","U",2.5,2.05,0.45
"Intrude on the Mind","MKM","M",0.61,0.53,0.08
"Intrude on the Mind (Showcase)","MKM","M",0.67,0.6,0.07
"Island (0273)","MKM","L",0.56,0.48,0.08
"Island (0279)","MKM","L",0.11,0.08,0.03
"Island (0280)","MKM","L",0.1,0.08,0.02
"It Doesn't Add Up","MKM","U",0.19,0.18,0.01
"It Doesn't Add Up (Showcase)","MKM","U",0.11,0.1,0.01
"Izoni, Center of the Web","MKM","R",0.26,0.24,0.02
"Izoni, Center of the Web (Showcase)","MKM","R",0.12,0.07,0.05
"Jaded Analyst","MKM","C",0.05,0.04,0.01
"Judith, Carnage Connoisseur","MKM","R",0.5,0.41,0.09
"Judith, Carnage Connoisseur (Showcase)","MKM","R",0.89,0.74,0.15
"Karlov Watchdog","MKM","U",0.08,0.07,0.01
"Kaya, Spirits' Justice","MKM","M",0.59,0.48,0.11
"Kaya, Spirits' Justice (Borderless)","MKM","M",1.15,0.95,0.2
"Kellan, Inquisitive Prodigy","MKM","R",0.51,0.43,0.08
"Kellan, Inquisitive Prodigy (Borderless)","MKM","R",0.64,0.55,0.09
"Knife","MKM","U",0.08,0.07,0.01
"Kraul Whipcracker (a)","MKM","U",0.03,0.02,0.01
"Kraul Whipcracker (b)","MKM","U",0.09,0.08,0.01
"Kraul Whipcracker (Showcase)","MKM","U",0.03,0.02,0.01
"Krenko's Buzzcrusher","MKM","R",0.29,0.25,0.04
"Krenko's Buzzcrusher (Extended Art)","MKM","R",0.44,0.39,0.05
"Krenko, Baron of Tin Street","MKM","R",0.43,0.38,0.05
"Krenko, Baron of Tin Street (Showcase)","MKM","R",0.33,0.32,0.01
"Krovod Haunch","MKM","U",0.22,0.21,0.01
"Kylox's Voltstrider","MKM","M",0.28,0.23,0.05
"Kylox's Voltstrider (Extended Art)","MKM","M",0.68,0.63,0.05
"Kylox, Visionary Inventor","MKM","R",0.21,0.2,0.01
"Kylox, Visionary Inventor (Showcase)","MKM","R",0.58,0.54,0.04
"Lamplight Phoenix","MKM","R",0.13,0.12,0.01
"Lamplight Phoenix (Extended Art)","MKM","R",0.21,0.2,0.01
"Lazav, Wearer of Faces","MKM","R",0.25,0.23,0.02
"Lazav, Wearer of Faces (Showcase) (0318)","MKM","R",0.67,0.54,0.13
"Lazav, Wearer of Faces (Showcase) (0366)","MKM","R",0.49,0.44,0.05
"Lead Pipe","MKM","U",0.3,0.29,0.01
"Leering Onlooker","MKM","U",0.26,0.25,0.01
"Leyline of the Guildpact","MKM","R",7.88,5.08,2.8
"Leyline of the Guildpact (Extended Art)","MKM","R",11.07,7.42,3.65
"Lightning Helix","MKM","U",0.34,0.3,0.04
"Living Conundrum","MKM","U",0.11,0.1,0.01
"Long Goodbye","MKM","U",0.42,0.37,0.05
"Lost in the Maze","MKM","R",0.37,0.27,0.1
"Lost in the Maze (Extended Art)","MKM","R",0.48,0.42,0.06
"Loxodon Eavesdropper","MKM","C",0.02,0.01,0.01
"Lumbering Laundry","MKM","U",0.02,0.01,0.01
"Lush Portico","MKM","R",10.91,6.89,4.02
"Lush Portico (Borderless)","MKM","R",19.25,13.25,6
"Macabre Reconstruction","MKM","C",0.03,0.02,0.01
"Magnetic Snuffler","MKM","U",0.16,0.15,0.01
"Magnetic Snuffler (Showcase)","MKM","U",0.47,0.46,0.01
"Magnifying Glass","MKM","C",0.19,0.18,0.01
"Make Your Move","MKM","C",0.15,0.14,0.01
"Makeshift Binding","MKM","C",0.1,0.09,0.01
"Makeshift Binding (Showcase)","MKM","C",0.26,0.25,0.01
"Marketwatch Phantom","MKM","C",0.07,0.06,0.01
"Massacre Girl, Known Killer","MKM","M",8.77,5.77,3
"Massacre Girl, Known Killer (Showcase)","MKM","M",6.04,3.79,2.25
"Massacre Girl, Known Killer (Showcase) (Invisible Ink)","MKM","M",15.98,8.48,7.5
"Meddling Youths","MKM","U",0.36,0.35,0.01
"Meddling Youths (Showcase)","MKM","U",0.14,0.13,0.01
"Merfolk Token","MKM","T",0.18,0.17,0.01
"Meticulous Archive","MKM","R",25.49,13.59,11.9
"Meticulous Archive (Borderless)","MKM","R",50.31,35.67,14.64
"Mistway Spy","MKM","U",0.12,0.11,0.01
"Mountain (0275)","MKM","L",0.5,0.45,0.05
"Mountain (0283)","MKM","L",0.16,0.14,0.02
"Mountain (0284)","MKM","L",0.09,0.07,0.02
"Murder","MKM","C",0.09,0.08,0.01
"Murder (Showcase)","MKM","C",0.33,0.32,0.01
"Museum Nightwatch","MKM","C",0.02,0.01,0.01
"Neighborhood Guardian","MKM","U",0.1,0.09,0.01
"Neighborhood Guardian (Showcase)","MKM","U",0.11,0.1,0.01
"Nervous Gardener","MKM","C",0.13,0.12,0.01
"Nightdrinker Moroii","MKM","U",0.02,0.01,0.01
"Niv-Mizzet, Guildpact","MKM","R",0.36,0.35,0.01
"Niv-Mizzet, Guildpact (Showcase) (319)","MKM","R",1.31,1.23,0.08
"Niv-Mizzet, Guildpact (Showcase) (368)","MKM","R",0.67,0.57,0.1
"No More Lies","MKM","U",0.78,0.63,0.15
"No Witnesses","MKM","R",0.25,0.2,0.05
"No Witnesses (Extended Art)","MKM","R",0.27,0.22,0.05
"Not on my Watch","MKM","U",0.24,0.23,0.01
"Not on my Watch (Showcase)","MKM","U",0.33,0.32,0.01
"Novice Inspector","MKM","C",0.28,0.27,0.01
"Offender at Large","MKM","C",0.02,0.01,0.01
"Officious Interrogation","MKM","R",0.32,0.27,0.05
"Officious Interrogation (Showcase)","MKM","R",0.41,0.32,0.09
"On the Job","MKM","C",0.02,0.01,0.01
"On the Job (Showcase)","MKM","C",0.02,0.01,0.01
"Ooze // A Mysterious Creature Double-Sided Token","MKM","T",0.18,0.17,0.01
"Ooze Token","MKM","T",0.41,0.35,0.06
"Out Cold","MKM","C",0.08,0.07,0.01
"Outrageous Robbery","MKM","R",0.61,0.52,0.09
"Outrageous Robbery (Extended Art)","MKM","R",0.8,0.7,0.1
"Perimeter Enforcer","MKM","U",0.06,0.05,0.01
"Person of Interest","MKM","C",0.02,0.01,0.01
"Persuasive Interrogators","MKM","U",0.17,0.16,0.01
"Persuasive Interrogators (Showcase)","MKM","U",0.06,0.05,0.01
"Pick Your Poison","MKM","C",0.37,0.33,0.04
"Plains (0272)","MKM","L",0.41,0.4,0.01
"Plains (0277)","MKM","L",0.31,0.3,0.01
"Plains (0278)","MKM","L",0.18,0.16,0.02
"Plant Token","MKM","T",0.58,0.4,0.18
"Polygraph Orb","MKM","U",0.11,0.1,0.01
"Pompous Gadabout","MKM","U",0.07,0.06,0.01
"Presumed Dead","MKM","U",0.17,0.16,0.01
"Private Eye","MKM","U",0.28,0.27,0.01
"Proft's Eidetic Memory","MKM","R",3.88,1.99,1.89
"Proft's Eidetic Memory (Extended Art)","MKM","R",7.01,6.26,0.75
"Projektor Inspector","MKM","C",0.02,0.01,0.01
"Public Thoroughfare","MKM","C",0.21,0.2,0.01
"Punch Card Token (X1 // X2)","MKM","T",0.08,0.07,0.01
"Push // Pull","MKM","U",0.26,0.25,0.01
"Pyrotechnic Performer","MKM","R",0.28,0.24,0.04
"Pyrotechnic Performer (Extended Art)","MKM","R",0.36,0.31,0.05
"Rakdos, Patron of Chaos","MKM","M",4.67,2.5,2.17
"Rakdos, Patron of Chaos (Showcase) (0320)","MKM","M",12.3,8.3,4
"Rakdos, Patron of Chaos (Showcase) (0369)","MKM","M",5.9,3.99,1.91
"Rakdos, Patron of Chaos (Showcase) (Invisible Ink)","MKM","M",9.26,5.27,3.99
"Rakish Scoundrel","MKM","C",0.02,0.01,0.01
"Raucous Theater","MKM","R",18.36,10.52,7.84
"Raucous Theater (Borderless)","MKM","R",30.49,19.49,11
"Reasonable Doubt","MKM","C",0.02,0.01,0.01
"Reckless Detective","MKM","U",0.05,0.04,0.01
"Red Herring","MKM","C",0.08,0.07,0.01
"Reenact the Crime","MKM","R",0.54,0.49,0.05
"Reenact the Crime (Showcase)","MKM","R",0.73,0.72,0.01
"Relive the Past","MKM","R",0.13,0.12,0.01
"Relive the Past (Extended Art)","MKM","R",0.19,0.16,0.03
"Repeat Offender","MKM","C",0.04,0.03,0.01
"Repulsive Mutation","MKM","U",0.61,0.45,0.16
"Riftburst Hellion","MKM","C",0.05,0.04,0.01
"Rope","MKM","U",0.34,0.33,0.01
"Rot Farm Mortipede","MKM","C",0.02,0.01,0.01
"Rubblebelt Braggart","MKM","C",0.02,0.01,0.01
"Rubblebelt Maverick","MKM","C",0.1,0.09,0.01
"Rune-Brand Juggler","MKM","U",0.03,0.02,0.01
"Sample Collector","MKM","U",0.05,0.04,0.01
"Sanctuary Wall","MKM","U",0.09,0.08,0.01
"Sanguine Savior","MKM","C",0.06,0.05,0.01
"Sanitation Automaton","MKM","C",0.02,0.01,0.01
"Scene of the Crime","MKM","U",0.44,0.35,0.09
"Seasoned Consultant","MKM","C",0.02,0.01,0.01
"Shadowy Backstreet","MKM","R",23.71,13.88,9.83
"Shadowy Backstreet (Borderless)","MKM","R",44.94,31.19,13.75
"Shady Informant","MKM","C",0.02,0.01,0.01
"Sharp-Eyed Rookie","MKM","R",0.12,0.11,0.01
"Sharp-Eyed Rookie (Showcase)","MKM","R",0.35,0.31,0.04
"Shock","MKM","C",0.15,0.14,0.01
"Skeleton Token","MKM","T",0.3,0.25,0.05
"Slice from the Shadows","MKM","C",0.14,0.13,0.01
"Slice from the Shadows (Showcase)","MKM","C",0.46,0.45,0.01
"Slime Against Humanity","MKM","C",1.6,1.15,0.45
"Slimy Dualleech","MKM","U",0.07,0.06,0.01
"Snarling Gorehound","MKM","C",0.76,0.75,0.01
"Soul Enervation","MKM","U",0.18,0.17,0.01
"Soul Enervation (Showcase)","MKM","U",0.11,0.1,0.01
"Soul Search","MKM","U",0.03,0.02,0.01
"Spider Token","MKM","T",0.32,0.24,0.08
"Spirit Token","MKM","T",0.26,0.22,0.04
"Steamcore Scholar","MKM","R",0.58,0.49,0.09
"Steamcore Scholar (Extended Art)","MKM","R",0.78,0.69,0.09
"Sudden Setback (a)","MKM","U",0.37,0.36,0.01
"Sudden Setback (b)","MKM","U",0.13,0.12,0.01
"Sumala Sentry","MKM","U",0.05,0.04,0.01
"Surveillance Monitor (a)","MKM","U",0.02,0.01,0.01
"Surveillance Monitor (b)","MKM","U",0.06,0.05,0.01
"Suspicious Detonation","MKM","C",0.02,0.01,0.01
"Swamp (0274)","MKM","L",0.35,0.28,0.07
"Swamp (0281)","MKM","L",0.14,0.12,0.02
"Swamp (0282)","MKM","L",0.21,0.17,0.04
"Tenth District Hero","MKM","R",0.13,0.12,0.01
"Tenth District Hero (Extended Art)","MKM","R",0.32,0.31,0.01
"Teysa, Opulent Oligarch","MKM","R",0.4,0.38,0.02
"Teysa, Opulent Oligarch (Showcase) (0321)","MKM","R",1.86,1.57,0.29
"Teysa, Opulent Oligarch (Showcase) (0370)","MKM","R",0.5,0.4,0.1
"The Chase Is On","MKM","C",0.07,0.06,0.01
"The Chase Is On (Showcase)","MKM","C",0.08,0.07,0.01
"The Pride of Hull Clade","MKM","M",3.18,2.23,0.95
"The Pride of Hull Clade (Showcase)","MKM","M",1.88,1.18,0.7
"The Pride of Hull Clade (Showcase) (Invisible Ink)","MKM","M",7.6,3.8,3.8
"They Went This Way","MKM","C",0.15,0.14,0.01
"Thinking Cap","MKM","C",0.04,0.03,0.01
"Thopter (0020) // Bat Double-Sided Token","MKM","T",0.33,0.28,0.05
"Thopter (0020) // Dog Double-Sided Token","MKM","T",0.18,0.09,0.09
"Thopter (0020) // Goblin Double-Sided Token","MKM","T",0.39,0.24,0.15
"Thopter (0020) // Human Double-Sided Token","MKM","T",0.3,0.22,0.08
"Thopter (0020) // Imp Double-Sided Token","MKM","T",0.38,0.28,0.1
"Thopter (0020) // Merfolk Double-Sided Token","MKM","T",0.4,0.25,0.15
"Thopter (0020) // Ooze Double-Sided Token","MKM","T",0.54,0.39,0.15
"Thopter (0020) // Plant Double-Sided Token","MKM","T",1.17,0.67,0.5
"Thopter (0020) // Skeleton Double-Sided Token","MKM","T",0.42,0.27,0.15
"Thopter (0020) // Spider Double-Sided Token","MKM","T",0.27,0.17,0.1
"Thopter (0020) // Spirit Double-Sided Token","MKM","T",0.42,0.3,0.12
"Thopter (0020) // Thopter (0019) Double-Sided Token","MKM","T",3.55,1.92,1.63
"Thopter (0020) // Voja Fenstalker Double-Sided Token","MKM","T",0.33,0.19,0.14
"Thopter Token (0019)","MKM","T",0.2,0.17,0.03
"Thopter Token (0020)","MKM","T",0.14,0.13,0.01
"Thundering Falls","MKM","R",23.94,13,10.94
"Thundering Falls (Borderless)","MKM","R",47.43,32.79,14.64
"Tin Street Gossip","MKM","U",0.18,0.17,0.01
"Tolsimir, Midnight's Light","MKM","R",0.38,0.33,0.05
"Tolsimir, Midnight's Light (Showcase)","MKM","R",0.45,0.4,0.05
"Topiary Panther","MKM","C",0.1,0.09,0.01
"Torch the Witness (a)","MKM","U",0.16,0.15,0.01
"Torch the Witness (b)","MKM","U",0.15,0.14,0.01
"Toxin Analysis","MKM","C",0.31,0.3,0.01
"Treacherous Greed","MKM","R",0.26,0.25,0.01
"Treacherous Greed (Extended Art)","MKM","R",0.43,0.38,0.05
"Trostani, Three Whispers","MKM","M",0.78,0.67,0.11
"Trostani, Three Whispers (Showcase) (0322)","MKM","M",3.62,2.62,1
"Trostani, Three Whispers (Showcase) (0372)","MKM","M",0.68,0.63,0.05
"Trostani, Three Whispers (Showcase) (Invisible Ink)","MKM","M",3.35,1.85,1.5
"Tunnel Tipster","MKM","C",0.13,0.12,0.01
"Unauthorized Exit","MKM","C",0.1,0.09,0.01
"Unauthorized Exit (Showcase)","MKM","C",0.16,0.15,0.01
"Undercity Eliminator","MKM","U",0.46,0.45,0.01
"Undercity Sewers","MKM","R",36.05,21.05,15
"Undercity Sewers (Borderless)","MKM","R",66.91,43.92,22.99
"Undercover Crocodelf (a)","MKM","C",0.02,0.01,0.01
"Undercover Crocodelf (b)","MKM","C",0.02,0.01,0.01
"Underground Mortuary","MKM","R",15.78,10.72,5.06
"Underground Mortuary (Borderless)","MKM","R",38.81,23,15.81
"Undergrowth Recon","MKM","M",3.67,2.42,1.25
"Undergrowth Recon (Extended Art)","MKM","M",4.6,2.85,1.75
"Unscrupulous Agent","MKM","C",0.16,0.15,0.01
"Unyielding Gatekeeper","MKM","R",0.28,0.26,0.02
"Unyielding Gatekeeper (Extended Art)","MKM","R",0.33,0.32,0.01
"Urgent Necropsy","MKM","M",0.37,0.32,0.05
"Urgent Necropsy (Extended Art)","MKM","M",0.63,0.48,0.15
"Vannifar, Evolved Enigma","MKM","M",1.35,1.21,0.14
"Vannifar, Evolved Enigma (Showcase) (0323)","MKM","M",6.25,5.25,1
"Vannifar, Evolved Enigma (Showcase) (0373)","MKM","M",1.03,0.78,0.25
"Vannifar, Evolved Enigma (Showcase) (Invisible Ink)","MKM","M",2.94,1.74,1.2
"Vein Ripper","MKM","M",12.14,6.25,5.89
"Vein Ripper (Showcase)","MKM","M",11.73,6.75,4.98
"Vein Ripper (Showcase) (Invisible Ink)","MKM","M",20.21,10.45,9.76
"Vengeful Creeper","MKM","C",0.04,0.03,0.01
"Vengeful Tracker","MKM","U",0.13,0.12,0.01
"Vitu-Ghazi Inspector","MKM","C",0.11,0.1,0.01
"Voja Fenstalker Token","MKM","T",0.28,0.23,0.05
"Warleader's Call","MKM","R",4.59,3.59,1
"Warleader's Call (Showcase)","MKM","R",13.35,8.55,4.8
"Wispdrinker Vampire","MKM","U",0.37,0.36,0.01
"Wispdrinker Vampire (Showcase)","MKM","U",0.28,0.27,0.01
"Wojek Investigator (a)","MKM","R",0.51,0.46,0.05
"Wojek Investigator (b)","MKM","R",0.55,0.53,0.02
"Wojek Investigator (Showcase)","MKM","R",0.45,0.4,0.05
"Worldsoul's Rage","MKM","R",0.51,0.43,0.08
"Worldsoul's Rage (Showcase)","MKM","R",1.95,1.75,0.2
"Wrench","MKM","U",0.09,0.08,0.01
"Yarus, Roar of the Old Gods","MKM","R",0.37,0.36,0.01
"Yarus, Roar of the Old Gods (Showcase)","MKM","R",0.36,0.31,0.05
