"id","citedDomains"
"gen-1756754829-Zk71eOr0Pp8Lp87bSuAK","designveloper.com"
"gen-1756754829-Zk71eOr0Pp8Lp87bSuAK","techvify.com"
"gen-1756754829-Zk71eOr0Pp8Lp87bSuAK","indatalabs.com"
"gen-1756754829-Zk71eOr0Pp8Lp87bSuAK","gestisoft.com"
"gen-1756754829-Zk71eOr0Pp8Lp87bSuAK","kanerika.com"
"gen-1756754839-hyC0I4N4Uelb9HxKHLDS","indatalabs.com"
"gen-1756754839-hyC0I4N4Uelb9HxKHLDS","dedicatted.com"
"gen-1756754839-hyC0I4N4Uelb9HxKHLDS","superside.com"
"gen-1756754839-hyC0I4N4Uelb9HxKHLDS","aptacloud.com"
"gen-1756754839-hyC0I4N4Uelb9HxKHLDS","aimagazine.com"
"gen-1756754850-HaIFOBjbyZWRhtTOGBZ8","indatalabs.com"
"gen-1756754850-HaIFOBjbyZWRhtTOGBZ8","procurementmag.com"
"gen-1756754850-HaIFOBjbyZWRhtTOGBZ8","gestisoft.com"
"gen-1756754850-HaIFOBjbyZWRhtTOGBZ8","jaggaer.com"
"gen-1756754850-HaIFOBjbyZWRhtTOGBZ8","superside.com"
"gen-1756754857-36jU2n6mcdg0lWV04Nmj","boardofinnovation.com"
"gen-1756754857-36jU2n6mcdg0lWV04Nmj","binariks.com"
"gen-1756754857-36jU2n6mcdg0lWV04Nmj","indatalabs.com"
"gen-1756754857-36jU2n6mcdg0lWV04Nmj","miquido.com"
"gen-1756754857-36jU2n6mcdg0lWV04Nmj","growexx.com"
"gen-1756754864-V5SxEdVm9YS3gsNCMB8Y","gestisoft.com"
"gen-1756754864-V5SxEdVm9YS3gsNCMB8Y","multimodal.dev"
"gen-1756754864-V5SxEdVm9YS3gsNCMB8Y","entrans.ai"
"gen-1756754864-V5SxEdVm9YS3gsNCMB8Y","binariks.com"
"gen-1756754864-V5SxEdVm9YS3gsNCMB8Y","markovate.com"
"gen-1756754872-9d7tpQuopkSH6YyT1DYx","rtslabs.com"
"gen-1756754872-9d7tpQuopkSH6YyT1DYx","altamira.ai"
"gen-1756754872-9d7tpQuopkSH6YyT1DYx","superside.com"
"gen-1756754872-9d7tpQuopkSH6YyT1DYx","entrans.ai"
"gen-1756754872-9d7tpQuopkSH6YyT1DYx","aimagazine.com"
"gen-1756754881-XBaPnhXPykktnpI0yOrt","boardofinnovation.com"
"gen-1756754881-XBaPnhXPykktnpI0yOrt","gestisoft.com"
"gen-1756754881-XBaPnhXPykktnpI0yOrt","agathon.ai"
"gen-1756754881-XBaPnhXPykktnpI0yOrt","sganalytics.com"
"gen-1756754881-XBaPnhXPykktnpI0yOrt","wiserbrand.com"
"gen-1756754887-voNQRYsN78CJhZuE67hM","boardofinnovation.com"
"gen-1756754887-voNQRYsN78CJhZuE67hM","binariks.com"
"gen-1756754887-voNQRYsN78CJhZuE67hM","rtslabs.com"
"gen-1756754887-voNQRYsN78CJhZuE67hM","superside.com"
"gen-1756754887-voNQRYsN78CJhZuE67hM","aimagazine.com"
"gen-1756754896-zTOlQ4FA821XC9ZHAKJQ","gestisoft.com"
"gen-1756754896-zTOlQ4FA821XC9ZHAKJQ","multimodal.dev"
"gen-1756754896-zTOlQ4FA821XC9ZHAKJQ","entrans.ai"
"gen-1756754896-zTOlQ4FA821XC9ZHAKJQ","binariks.com"
"gen-1756754896-zTOlQ4FA821XC9ZHAKJQ","xenonstack.com"
"gen-1756754904-Z6ypE9lLK4YEEajsmoNh","designveloper.com"
"gen-1756754904-Z6ypE9lLK4YEEajsmoNh","entrans.ai"
"gen-1756754904-Z6ypE9lLK4YEEajsmoNh","crn.com"
"gen-1756754904-Z6ypE9lLK4YEEajsmoNh","deviniti.com"
"gen-1756754904-Z6ypE9lLK4YEEajsmoNh","binariks.com"
"gen-1756754913-IjQJM9pSkjmN0faZJGsl","agathon.ai"
"gen-1756754913-IjQJM9pSkjmN0faZJGsl","designveloper.com"
"gen-1756754913-IjQJM9pSkjmN0faZJGsl","superside.com"
"gen-1756754913-IjQJM9pSkjmN0faZJGsl","kanerika.com"
"gen-1756754913-IjQJM9pSkjmN0faZJGsl","multimodal.dev"
"gen-1756754921-mMLjASAlU1TxqkP1nk1G","boardofinnovation.com"
"gen-1756754921-mMLjASAlU1TxqkP1nk1G","centricconsulting.com"
"gen-1756754921-mMLjASAlU1TxqkP1nk1G","rtslabs.com"
"gen-1756754921-mMLjASAlU1TxqkP1nk1G","smartosc.com"
"gen-1756754921-mMLjASAlU1TxqkP1nk1G","superside.com"
"gen-1756754931-naMslKzrIdIrjrpI86vw","boardofinnovation.com"
"gen-1756754931-naMslKzrIdIrjrpI86vw","biz4group.com"
"gen-1756754931-naMslKzrIdIrjrpI86vw","agathon.ai"
"gen-1756754931-naMslKzrIdIrjrpI86vw","sendbird.com"
"gen-1756754931-naMslKzrIdIrjrpI86vw","aimagazine.com"
"gen-1756754937-WMUguqAMSEzZRaFSwmc7","indatalabs.com"
"gen-1756754937-WMUguqAMSEzZRaFSwmc7","growexx.com"
"gen-1756754937-WMUguqAMSEzZRaFSwmc7","superside.com"
"gen-1756754937-WMUguqAMSEzZRaFSwmc7","aimagazine.com"
"gen-1756754937-WMUguqAMSEzZRaFSwmc7","theconsultingreport.com"
"gen-1756754948-bjfxvaM7jUY3OqCUUdm4","binariks.com"
"gen-1756754948-bjfxvaM7jUY3OqCUUdm4","jaggaer.com"
"gen-1756754948-bjfxvaM7jUY3OqCUUdm4","rtslabs.com"
"gen-1756754948-bjfxvaM7jUY3OqCUUdm4","ziphq.com"
"gen-1756754948-bjfxvaM7jUY3OqCUUdm4","superside.com"
"gen-1756754959-bHCHwdPJxCUv7mTXOuJf","rtslabs.com"
"gen-1756754959-bHCHwdPJxCUv7mTXOuJf","miquido.com"
"gen-1756754959-bHCHwdPJxCUv7mTXOuJf","superside.com"
"gen-1756754959-bHCHwdPJxCUv7mTXOuJf","sganalytics.com"
"gen-1756754959-bHCHwdPJxCUv7mTXOuJf","aimagazine.com"
"gen-1756754967-1zbUh7TsV6vvgeNrBCWz","entrans.ai"
"gen-1756754967-1zbUh7TsV6vvgeNrBCWz","altamira.ai"
"gen-1756754967-1zbUh7TsV6vvgeNrBCWz","wiserbrand.com"
"gen-1756754967-1zbUh7TsV6vvgeNrBCWz","markovate.com"
"gen-1756754967-1zbUh7TsV6vvgeNrBCWz","binariks.com"
"gen-1756754974-zQJJkHj5MOZa6HbscggE","boardofinnovation.com"
"gen-1756754974-zQJJkHj5MOZa6HbscggE","indatalabs.com"
"gen-1756754974-zQJJkHj5MOZa6HbscggE","superside.com"
"gen-1756754974-zQJJkHj5MOZa6HbscggE","aimagazine.com"
"gen-1756754974-zQJJkHj5MOZa6HbscggE","leewayhertz.com"
"gen-1756754985-8QeTz8437HSE0VPXXual","boardofinnovation.com"
"gen-1756754985-8QeTz8437HSE0VPXXual","procurementmag.com"
"gen-1756754985-8QeTz8437HSE0VPXXual","webisoft.com"
"gen-1756754985-8QeTz8437HSE0VPXXual","evalueserve.com"
"gen-1756754985-8QeTz8437HSE0VPXXual","singlestoneconsulting.com"
"gen-1756754993-ugqr5khm4effpm6nZMHe","boardofinnovation.com"
"gen-1756754993-ugqr5khm4effpm6nZMHe","procurementmag.com"
"gen-1756754993-ugqr5khm4effpm6nZMHe","binariks.com"
"gen-1756754993-ugqr5khm4effpm6nZMHe","scopicsoftware.com"
"gen-1756754993-ugqr5khm4effpm6nZMHe","aimagazine.com"
"gen-1756755000-GOf3Fj0jve1JvzTMFo17","boardofinnovation.com"
"gen-1756755000-GOf3Fj0jve1JvzTMFo17","procurementmag.com"
"gen-1756755000-GOf3Fj0jve1JvzTMFo17","binariks.com"
"gen-1756755000-GOf3Fj0jve1JvzTMFo17","gestisoft.com"
"gen-1756755000-GOf3Fj0jve1JvzTMFo17","rtslabs.com"
"gen-1756755008-d7BaUdDY9vp8naQx4pj0","boardofinnovation.com"
"gen-1756755008-d7BaUdDY9vp8naQx4pj0","entrans.ai"
"gen-1756755008-d7BaUdDY9vp8naQx4pj0","indatalabs.com"
"gen-1756755008-d7BaUdDY9vp8naQx4pj0","sievo.com"
"gen-1756755008-d7BaUdDY9vp8naQx4pj0","webisoft.com"
"gen-1756755020-l4tt4FPuHlfAqKnouZ8G","binariks.com"
"gen-1756755020-l4tt4FPuHlfAqKnouZ8G","procurementmag.com"
"gen-1756755020-l4tt4FPuHlfAqKnouZ8G","rtslabs.com"
"gen-1756755020-l4tt4FPuHlfAqKnouZ8G","ivalua.com"
"gen-1756755020-l4tt4FPuHlfAqKnouZ8G","superside.com"
"gen-1756755029-u6nGciDTLm1nqbCUqr8f","boardofinnovation.com"
"gen-1756755029-u6nGciDTLm1nqbCUqr8f","binariks.com"
"gen-1756755029-u6nGciDTLm1nqbCUqr8f","growthrocks.com"
"gen-1756755029-u6nGciDTLm1nqbCUqr8f","rtslabs.com"
"gen-1756755029-u6nGciDTLm1nqbCUqr8f","superside.com"
"gen-1756755036-lZwPX117YMHC4MnEIlDO","rtslabs.com"
"gen-1756755036-lZwPX117YMHC4MnEIlDO","miquido.com"
"gen-1756755036-lZwPX117YMHC4MnEIlDO","superside.com"
"gen-1756755036-lZwPX117YMHC4MnEIlDO","scopicsoftware.com"
"gen-1756755036-lZwPX117YMHC4MnEIlDO","aimagazine.com"
"gen-1756755044-1o0fqX1BdswWEGnYRZNj","rtslabs.com"
"gen-1756755044-1o0fqX1BdswWEGnYRZNj","jaggaer.com"
"gen-1756755044-1o0fqX1BdswWEGnYRZNj","superside.com"
"gen-1756755044-1o0fqX1BdswWEGnYRZNj","orbitwebtech.com"
"gen-1756755044-1o0fqX1BdswWEGnYRZNj","aimagazine.com"
"gen-1756755053-3B8hegMOIbT4YSKYAwu3","indatalabs.com"
"gen-1756755053-3B8hegMOIbT4YSKYAwu3","techvify.com"
"gen-1756755053-3B8hegMOIbT4YSKYAwu3","growexx.com"
"gen-1756755053-3B8hegMOIbT4YSKYAwu3","growexx.com"
"gen-1756755053-3B8hegMOIbT4YSKYAwu3","aimagazine.com"
"gen-1756755063-oijcCWQOC2LbFEbH90uY","aimagazine.com"
"gen-1756755063-oijcCWQOC2LbFEbH90uY","biz4group.com"
"gen-1756755063-oijcCWQOC2LbFEbH90uY","binariks.com"
"gen-1756755063-oijcCWQOC2LbFEbH90uY","procurementmag.com"
"gen-1756755063-oijcCWQOC2LbFEbH90uY","multimodal.dev"
"gen-1756755078-Av82vn91OhfZyTGO0X5c","agathon.ai"
"gen-1756755078-Av82vn91OhfZyTGO0X5c","sganalytics.com"
"gen-1756755078-Av82vn91OhfZyTGO0X5c","superside.com"
"gen-1756755078-Av82vn91OhfZyTGO0X5c","5ly.co"
"gen-1756755078-Av82vn91OhfZyTGO0X5c","aimagazine.com"
"gen-1756755087-4mq8i4Rv8Maog8J6yZjT","designveloper.com"
"gen-1756755087-4mq8i4Rv8Maog8J6yZjT","procurementmag.com"
"gen-1756755087-4mq8i4Rv8Maog8J6yZjT","crn.com"
"gen-1756755087-4mq8i4Rv8Maog8J6yZjT","jaggaer.com"
"gen-1756755087-4mq8i4Rv8Maog8J6yZjT","binariks.com"
"gen-1756755093-fvXuU5VZhP8cvS6Xif90","boardofinnovation.com"
"gen-1756755093-fvXuU5VZhP8cvS6Xif90","procurementmag.com"
"gen-1756755093-fvXuU5VZhP8cvS6Xif90","rtslabs.com"
"gen-1756755093-fvXuU5VZhP8cvS6Xif90","supplychaindigital.com"
"gen-1756755093-fvXuU5VZhP8cvS6Xif90","superside.com"
"gen-1756755102-ryr9SYthpe6qFBs267Tq","boardofinnovation.com"
"gen-1756755102-ryr9SYthpe6qFBs267Tq","rtslabs.com"
"gen-1756755102-ryr9SYthpe6qFBs267Tq","superside.com"
"gen-1756755102-ryr9SYthpe6qFBs267Tq","aimagazine.com"
"gen-1756755102-ryr9SYthpe6qFBs267Tq","theconsultingreport.com"
"gen-1756755114-lMy0JmIelXbsU5UtoWOj","boardofinnovation.com"
"gen-1756755114-lMy0JmIelXbsU5UtoWOj","altamira.ai"
"gen-1756755114-lMy0JmIelXbsU5UtoWOj","indatalabs.com"
"gen-1756755114-lMy0JmIelXbsU5UtoWOj","entrans.ai"
"gen-1756755114-lMy0JmIelXbsU5UtoWOj","superside.com"
"gen-1756755120-193voQlKtsrn5htWyY0R","binariks.com"
"gen-1756755120-193voQlKtsrn5htWyY0R","rtslabs.com"
"gen-1756755120-193voQlKtsrn5htWyY0R","superside.com"
"gen-1756755120-193voQlKtsrn5htWyY0R","aimagazine.com"
"gen-1756755120-193voQlKtsrn5htWyY0R","theconsultingreport.com"
"gen-1756755129-HTSIHuwtlhWYs1hHgRvW","wiserbrand.com"
"gen-1756755129-HTSIHuwtlhWYs1hHgRvW","sievo.com"
"gen-1756755129-HTSIHuwtlhWYs1hHgRvW","entrans.ai"
"gen-1756755129-HTSIHuwtlhWYs1hHgRvW","rapidinnovation.io"
"gen-1756755129-HTSIHuwtlhWYs1hHgRvW","binariks.com"
"gen-1756755136-ifuzQ9XIvpJRQhRZtvhv","rtslabs.com"
"gen-1756755136-ifuzQ9XIvpJRQhRZtvhv","ampcome.com"
"gen-1756755136-ifuzQ9XIvpJRQhRZtvhv","superside.com"
"gen-1756755136-ifuzQ9XIvpJRQhRZtvhv","deviniti.com"
"gen-1756755136-ifuzQ9XIvpJRQhRZtvhv","aimagazine.com"
"gen-1756755145-cTm6IAeXJFYaZf90z55k","boardofinnovation.com"
"gen-1756755145-cTm6IAeXJFYaZf90z55k","rtslabs.com"
"gen-1756755145-cTm6IAeXJFYaZf90z55k","superside.com"
"gen-1756755145-cTm6IAeXJFYaZf90z55k","aimagazine.com"
"gen-1756755145-cTm6IAeXJFYaZf90z55k","theconsultingreport.com"
"gen-1756755152-p24CW2OELojnXHdw2kZH","designveloper.com"
"gen-1756755152-p24CW2OELojnXHdw2kZH","jaggaer.com"
"gen-1756755152-p24CW2OELojnXHdw2kZH","indatalabs.com"
"gen-1756755152-p24CW2OELojnXHdw2kZH","rsmus.com"
"gen-1756755152-p24CW2OELojnXHdw2kZH","kanerika.com"
"gen-1756755160-VChXaQU9AVnRDIuS9Ie9","binariks.com"
"gen-1756755160-VChXaQU9AVnRDIuS9Ie9","scopicsoftware.com"
"gen-1756755160-VChXaQU9AVnRDIuS9Ie9","growthrocks.com"
"gen-1756755160-VChXaQU9AVnRDIuS9Ie9","sganalytics.com"
"gen-1756755160-VChXaQU9AVnRDIuS9Ie9","miquido.com"
"gen-1756755169-RPYM5qOGgEhiEFvoNTSr","rtslabs.com"
"gen-1756755169-RPYM5qOGgEhiEFvoNTSr","sganalytics.com"
"gen-1756755169-RPYM5qOGgEhiEFvoNTSr","superside.com"
"gen-1756755169-RPYM5qOGgEhiEFvoNTSr","designveloper.com"
"gen-1756755169-RPYM5qOGgEhiEFvoNTSr","aimagazine.com"
"gen-1756755177-SdyMB1RG2vDL7t7uOGkW","agathon.ai"
"gen-1756755177-SdyMB1RG2vDL7t7uOGkW","miquido.com"
"gen-1756755177-SdyMB1RG2vDL7t7uOGkW","superside.com"
"gen-1756755177-SdyMB1RG2vDL7t7uOGkW","botscrew.com"
"gen-1756755177-SdyMB1RG2vDL7t7uOGkW","aimagazine.com"
"gen-1756755184-DTI3ZkgZgMaUAPtCXsmy","indatalabs.com"
"gen-1756755184-DTI3ZkgZgMaUAPtCXsmy","miquido.com"
"gen-1756755184-DTI3ZkgZgMaUAPtCXsmy","rtslabs.com"
"gen-1756755184-DTI3ZkgZgMaUAPtCXsmy","ptolemay.com"
"gen-1756755184-DTI3ZkgZgMaUAPtCXsmy","superside.com"
"gen-1756755197-132ZUXyyJcveWToZ2sL7","indatalabs.com"
"gen-1756755197-132ZUXyyJcveWToZ2sL7","rtslabs.com"
"gen-1756755197-132ZUXyyJcveWToZ2sL7","superside.com"
"gen-1756755197-132ZUXyyJcveWToZ2sL7","aimagazine.com"
"gen-1756755197-132ZUXyyJcveWToZ2sL7","theconsultingreport.com"
"gen-1756755205-ncLgX8PaeuGspDYtBJrp","indatalabs.com"
"gen-1756755205-ncLgX8PaeuGspDYtBJrp","sganalytics.com"
"gen-1756755205-ncLgX8PaeuGspDYtBJrp","growexx.com"
"gen-1756755205-ncLgX8PaeuGspDYtBJrp","scopicsoftware.com"
"gen-1756755205-ncLgX8PaeuGspDYtBJrp","aimagazine.com"
"gen-1756755214-i0g4NeKQYM5DcWyOWHEA","wiserbrand.com"
"gen-1756755214-i0g4NeKQYM5DcWyOWHEA","procurementmag.com"
"gen-1756755214-i0g4NeKQYM5DcWyOWHEA","entrans.ai"
"gen-1756755214-i0g4NeKQYM5DcWyOWHEA","accelirate.com"
"gen-1756755214-i0g4NeKQYM5DcWyOWHEA","designveloper.com"
"gen-1756755227-LajZTLrfy7falY08r6fm","binariks.com"
"gen-1756755227-LajZTLrfy7falY08r6fm","entrans.ai"
"gen-1756755227-LajZTLrfy7falY08r6fm","crn.com"
"gen-1756755227-LajZTLrfy7falY08r6fm","landbase.com"
"gen-1756755227-LajZTLrfy7falY08r6fm","kanerika.com"
"gen-1756755236-kfM2Ng7JmTnT6ZJqD8hk","indatalabs.com"
"gen-1756755236-kfM2Ng7JmTnT6ZJqD8hk","jaggaer.com"
"gen-1756755236-kfM2Ng7JmTnT6ZJqD8hk","rtslabs.com"
"gen-1756755236-kfM2Ng7JmTnT6ZJqD8hk","rsmus.com"
"gen-1756755236-kfM2Ng7JmTnT6ZJqD8hk","superside.com"
"gen-1756755245-jA0tNOOZfq9KmEVy4CjM","binariks.com"
"gen-1756755245-jA0tNOOZfq9KmEVy4CjM","tech.us"
"gen-1756755245-jA0tNOOZfq9KmEVy4CjM","gestisoft.com"
"gen-1756755245-jA0tNOOZfq9KmEVy4CjM","quytech.com"
"gen-1756755245-jA0tNOOZfq9KmEVy4CjM","wiserbrand.com"
"gen-1756755255-83RNJBku3csoxqRj8Teq","boardofinnovation.com"
"gen-1756755255-83RNJBku3csoxqRj8Teq","scopicsoftware.com"
"gen-1756755255-83RNJBku3csoxqRj8Teq","rtslabs.com"
"gen-1756755255-83RNJBku3csoxqRj8Teq","designveloper.com"
"gen-1756755255-83RNJBku3csoxqRj8Teq","binariks.com"
"gen-1756755263-iWYQlk05Sc79MzjdF95C","boardofinnovation.com"
"gen-1756755263-iWYQlk05Sc79MzjdF95C","scopicsoftware.com"
"gen-1756755263-iWYQlk05Sc79MzjdF95C","indatalabs.com"
"gen-1756755263-iWYQlk05Sc79MzjdF95C","wiserbrand.com"
"gen-1756755263-iWYQlk05Sc79MzjdF95C","growexx.com"
"gen-1756755271-CQi2V7rfT3C70CSAedvA","binariks.com"
"gen-1756755271-CQi2V7rfT3C70CSAedvA","biz4group.com"
"gen-1756755271-CQi2V7rfT3C70CSAedvA","indatalabs.com"
"gen-1756755271-CQi2V7rfT3C70CSAedvA","jaggaer.com"
"gen-1756755271-CQi2V7rfT3C70CSAedvA","aimagazine.com"
"gen-1756755282-caByJNCZmFzp52eaaKlc","rtslabs.com"
"gen-1756755282-caByJNCZmFzp52eaaKlc","superside.com"
"gen-1756755282-caByJNCZmFzp52eaaKlc","aimagazine.com"
"gen-1756755282-caByJNCZmFzp52eaaKlc","biz4group.com"
"gen-1756755282-caByJNCZmFzp52eaaKlc","theconsultingreport.com"
"gen-1756755294-0laet2A56dzBuulDw0Sf","boardofinnovation.com"
"gen-1756755294-0laet2A56dzBuulDw0Sf","binariks.com"
"gen-1756755294-0laet2A56dzBuulDw0Sf","rtslabs.com"
"gen-1756755294-0laet2A56dzBuulDw0Sf","growexx.com"
"gen-1756755294-0laet2A56dzBuulDw0Sf","superside.com"
"gen-1756755302-7Rs4erk0FFoO6PtAJVcm","growthrocks.com"
"gen-1756755302-7Rs4erk0FFoO6PtAJVcm","procurementmag.com"
"gen-1756755302-7Rs4erk0FFoO6PtAJVcm","miquido.com"
"gen-1756755302-7Rs4erk0FFoO6PtAJVcm","jaggaer.com"
"gen-1756755302-7Rs4erk0FFoO6PtAJVcm","superside.com"
"gen-1756755308-G7A0ybxH2DDIBiKAV7ns","indatalabs.com"
"gen-1756755308-G7A0ybxH2DDIBiKAV7ns","miquido.com"
"gen-1756755308-G7A0ybxH2DDIBiKAV7ns","growexx.com"
"gen-1756755308-G7A0ybxH2DDIBiKAV7ns","ventum-consulting.com"
"gen-1756755308-G7A0ybxH2DDIBiKAV7ns","superside.com"
"gen-1756755315-n45IHiEcvxF4wWY7Lngh","indatalabs.com"
"gen-1756755315-n45IHiEcvxF4wWY7Lngh","growexx.com"
"gen-1756755315-n45IHiEcvxF4wWY7Lngh","superside.com"
"gen-1756755315-n45IHiEcvxF4wWY7Lngh","aimagazine.com"
"gen-1756755315-n45IHiEcvxF4wWY7Lngh","theconsultingreport.com"
"gen-1756755326-oT7gl7uJUvduRamIIe8B","boardofinnovation.com"
"gen-1756755326-oT7gl7uJUvduRamIIe8B","designveloper.com"
"gen-1756755326-oT7gl7uJUvduRamIIe8B","indatalabs.com"
"gen-1756755326-oT7gl7uJUvduRamIIe8B","youtube.com"
"gen-1756755326-oT7gl7uJUvduRamIIe8B","growexx.com"
"gen-1756755334-OiMurDoLvXtcWiAzbmNY","crn.com"
"gen-1756755334-OiMurDoLvXtcWiAzbmNY","jaggaer.com"
"gen-1756755334-OiMurDoLvXtcWiAzbmNY","binariks.com"
"gen-1756755334-OiMurDoLvXtcWiAzbmNY","procurementtactics.com"
"gen-1756755334-OiMurDoLvXtcWiAzbmNY","superside.com"
"gen-1756755345-KRZZZG9HGUmzk8kMsuIt","boardofinnovation.com"
"gen-1756755345-KRZZZG9HGUmzk8kMsuIt","webisoft.com"
"gen-1756755345-KRZZZG9HGUmzk8kMsuIt","binariks.com"
"gen-1756755345-KRZZZG9HGUmzk8kMsuIt","singlestoneconsulting.com"
"gen-1756755345-KRZZZG9HGUmzk8kMsuIt","growthrocks.com"
"gen-1756755357-ImeeX6aidtCSlsTpiV69","boardofinnovation.com"
"gen-1756755357-ImeeX6aidtCSlsTpiV69","scopicsoftware.com"
"gen-1756755357-ImeeX6aidtCSlsTpiV69","indatalabs.com"
"gen-1756755357-ImeeX6aidtCSlsTpiV69","rtslabs.com"
"gen-1756755357-ImeeX6aidtCSlsTpiV69","growexx.com"
"gen-1756755365-rKFSmLNDzVCkajnfUo1c","accelirate.com"
"gen-1756755365-rKFSmLNDzVCkajnfUo1c","jaggaer.com"
"gen-1756755365-rKFSmLNDzVCkajnfUo1c","greatminds.consulting"
"gen-1756755365-rKFSmLNDzVCkajnfUo1c","artofprocurement.com"
"gen-1756755365-rKFSmLNDzVCkajnfUo1c","deloitte.com"
"gen-1756755375-wwjVecmUeamvB2otl2ZY","rtslabs.com"
"gen-1756755375-wwjVecmUeamvB2otl2ZY","superside.com"
"gen-1756755375-wwjVecmUeamvB2otl2ZY","aimagazine.com"
"gen-1756755375-wwjVecmUeamvB2otl2ZY","biz4group.com"
"gen-1756755375-wwjVecmUeamvB2otl2ZY","theconsultingreport.com"
"gen-1756755382-bUXxFS8O4mA6hniPlIlK","boardofinnovation.com"
"gen-1756755382-bUXxFS8O4mA6hniPlIlK","jake-jorgovan.com"
"gen-1756755382-bUXxFS8O4mA6hniPlIlK","indatalabs.com"
"gen-1756755382-bUXxFS8O4mA6hniPlIlK","entrans.ai"
"gen-1756755382-bUXxFS8O4mA6hniPlIlK","aimagazine.com"
"gen-1756755395-okUiJ12dfkRniVtZH64p","boardofinnovation.com"
"gen-1756755395-okUiJ12dfkRniVtZH64p","procurementmag.com"
"gen-1756755395-okUiJ12dfkRniVtZH64p","agathon.ai"
"gen-1756755395-okUiJ12dfkRniVtZH64p","entrans.ai"
"gen-1756755395-okUiJ12dfkRniVtZH64p","designveloper.com"
"gen-1756755402-ZEPlaBm1Z6UriS6i2Pxr","binariks.com"
"gen-1756755402-ZEPlaBm1Z6UriS6i2Pxr","entrans.ai"
"gen-1756755402-ZEPlaBm1Z6UriS6i2Pxr","singlestoneconsulting.com"
"gen-1756755402-ZEPlaBm1Z6UriS6i2Pxr","alphaapexgroup.com"
"gen-1756755402-ZEPlaBm1Z6UriS6i2Pxr","rtslabs.com"
"gen-1756755408-TIUd2B0jLd2UD61qKBEw","rtslabs.com"
"gen-1756755408-TIUd2B0jLd2UD61qKBEw","superside.com"
"gen-1756755408-TIUd2B0jLd2UD61qKBEw","aimagazine.com"
"gen-1756755408-TIUd2B0jLd2UD61qKBEw","theconsultingreport.com"
"gen-1756755408-TIUd2B0jLd2UD61qKBEw","biz4group.com"
"gen-1756755418-MUM5bKuUso5cYlDl3uvZ","indatalabs.com"
"gen-1756755418-MUM5bKuUso5cYlDl3uvZ","gestisoft.com"
"gen-1756755418-MUM5bKuUso5cYlDl3uvZ","growexx.com"
"gen-1756755418-MUM5bKuUso5cYlDl3uvZ","experionglobal.com"
"gen-1756755418-MUM5bKuUso5cYlDl3uvZ","aimagazine.com"
"gen-1756755425-D2bJwAsLZwtKyatajIuq","designveloper.com"
"gen-1756755425-D2bJwAsLZwtKyatajIuq","procurementmag.com"
"gen-1756755425-D2bJwAsLZwtKyatajIuq","crn.com"
"gen-1756755425-D2bJwAsLZwtKyatajIuq","supplychaindigital.com"
"gen-1756755425-D2bJwAsLZwtKyatajIuq","binariks.com"
"gen-1756755434-D0rzq2oos2t5eTe35V9P","boardofinnovation.com"
"gen-1756755434-D0rzq2oos2t5eTe35V9P","highpeaksw.com"
"gen-1756755434-D0rzq2oos2t5eTe35V9P","binariks.com"
"gen-1756755434-D0rzq2oos2t5eTe35V9P","evalueserve.com"
"gen-1756755434-D0rzq2oos2t5eTe35V9P","growthrocks.com"
"gen-1756755445-Zjse2p5VyYu9uKz8DEkB","boardofinnovation.com"
"gen-1756755445-Zjse2p5VyYu9uKz8DEkB","indatalabs.com"
"gen-1756755445-Zjse2p5VyYu9uKz8DEkB","rtslabs.com"
"gen-1756755445-Zjse2p5VyYu9uKz8DEkB","superside.com"
"gen-1756755445-Zjse2p5VyYu9uKz8DEkB","aimagazine.com"
"gen-1756755453-PABevIwjfxC4n7IJRJMo","wiserbrand.com"
"gen-1756755453-PABevIwjfxC4n7IJRJMo","artofprocurement.com"
"gen-1756755453-PABevIwjfxC4n7IJRJMo","aimagazine.com"
"gen-1756755453-PABevIwjfxC4n7IJRJMo","sphereinc.com"
"gen-1756755453-PABevIwjfxC4n7IJRJMo","binariks.com"
"gen-1756755467-LwwjbyvggFFDJqOsLSar","boardofinnovation.com"
"gen-1756755467-LwwjbyvggFFDJqOsLSar","indatalabs.com"
"gen-1756755467-LwwjbyvggFFDJqOsLSar","rtslabs.com"
"gen-1756755467-LwwjbyvggFFDJqOsLSar","superside.com"
"gen-1756755467-LwwjbyvggFFDJqOsLSar","aimagazine.com"
"gen-1756755478-orZEg1BX9f6LIYdCf2m3","boardofinnovation.com"
"gen-1756755478-orZEg1BX9f6LIYdCf2m3","procurementmag.com"
"gen-1756755478-orZEg1BX9f6LIYdCf2m3","webisoft.com"
"gen-1756755478-orZEg1BX9f6LIYdCf2m3","rsmus.com"
"gen-1756755478-orZEg1BX9f6LIYdCf2m3","singlestoneconsulting.com"
"gen-1756755484-Gaz5BxqL6um9PE1WqZ9I","rtslabs.com"
"gen-1756755484-Gaz5BxqL6um9PE1WqZ9I","superside.com"
"gen-1756755484-Gaz5BxqL6um9PE1WqZ9I","aimagazine.com"
"gen-1756755484-Gaz5BxqL6um9PE1WqZ9I","theconsultingreport.com"
"gen-1756755484-Gaz5BxqL6um9PE1WqZ9I","biz4group.com"
"gen-1756755499-32cC7AwjSnbikuAkldgf","boardofinnovation.com"
"gen-1756755499-32cC7AwjSnbikuAkldgf","indatalabs.com"
"gen-1756755499-32cC7AwjSnbikuAkldgf","growexx.com"
"gen-1756755499-32cC7AwjSnbikuAkldgf","superside.com"
"gen-1756755499-32cC7AwjSnbikuAkldgf","aimagazine.com"
"gen-1756755508-EGoN3XFCRysqUMT6rHSR","rtslabs.com"
"gen-1756755508-EGoN3XFCRysqUMT6rHSR","superside.com"
"gen-1756755508-EGoN3XFCRysqUMT6rHSR","aimagazine.com"
"gen-1756755508-EGoN3XFCRysqUMT6rHSR","biz4group.com"
"gen-1756755508-EGoN3XFCRysqUMT6rHSR","theconsultingreport.com"
"gen-1756755520-yLXaAOXyIdlOMSg17QGt","rtslabs.com"
"gen-1756755520-yLXaAOXyIdlOMSg17QGt","botscrew.com"
"gen-1756755520-yLXaAOXyIdlOMSg17QGt","superside.com"
"gen-1756755520-yLXaAOXyIdlOMSg17QGt","miquido.com"
"gen-1756755520-yLXaAOXyIdlOMSg17QGt","aimagazine.com"
"gen-1756755527-8omTnlAPMClJLabFFNag","boardofinnovation.com"
"gen-1756755527-8omTnlAPMClJLabFFNag","rtslabs.com"
"gen-1756755527-8omTnlAPMClJLabFFNag","rtslabs.com"
"gen-1756755527-8omTnlAPMClJLabFFNag","quinnox.com"
"gen-1756755527-8omTnlAPMClJLabFFNag","superside.com"
"gen-1756755533-bE8H8OifyLGZxCPzvWJK","aimagazine.com"
"gen-1756755533-bE8H8OifyLGZxCPzvWJK","techvify.com"
"gen-1756755533-bE8H8OifyLGZxCPzvWJK","superside.com"
"gen-1756755533-bE8H8OifyLGZxCPzvWJK","advansappz.com"
"gen-1756755533-bE8H8OifyLGZxCPzvWJK","kanerika.com"
"gen-1756755541-7Xpk0s1UcBpRr9kU0mm4","procurementmag.com"
"gen-1756755541-7Xpk0s1UcBpRr9kU0mm4","growexx.com"
"gen-1756755541-7Xpk0s1UcBpRr9kU0mm4","kanerika.com"
"gen-1756755541-7Xpk0s1UcBpRr9kU0mm4","miquido.com"
"gen-1756755541-7Xpk0s1UcBpRr9kU0mm4","thehackettgroup.com"
"gen-1756755550-v7ULxtjtyx3kgo47J5AB","designveloper.com"
"gen-1756755550-v7ULxtjtyx3kgo47J5AB","entrans.ai"
"gen-1756755550-v7ULxtjtyx3kgo47J5AB","crn.com"
"gen-1756755550-v7ULxtjtyx3kgo47J5AB","rsmus.com"
"gen-1756755550-v7ULxtjtyx3kgo47J5AB","binariks.com"
"gen-1756755559-xPq95tLQiwqdTdNjTDVP","gestisoft.com"
"gen-1756755559-xPq95tLQiwqdTdNjTDVP","akira.ai"
"gen-1756755559-xPq95tLQiwqdTdNjTDVP","insigniam.com"
"gen-1756755559-xPq95tLQiwqdTdNjTDVP","designveloper.com"
"gen-1756755559-xPq95tLQiwqdTdNjTDVP","rtslabs.com"
"gen-1756755567-Ac6cXVtfz8QsWoNYv7EO","boardofinnovation.com"
"gen-1756755567-Ac6cXVtfz8QsWoNYv7EO","agathon.ai"
"gen-1756755567-Ac6cXVtfz8QsWoNYv7EO","designveloper.com"
"gen-1756755567-Ac6cXVtfz8QsWoNYv7EO","superside.com"
"gen-1756755567-Ac6cXVtfz8QsWoNYv7EO","kanerika.com"
"gen-1756755573-uUoTbiaQcHaMF2Ce9suT","rtslabs.com"
"gen-1756755573-uUoTbiaQcHaMF2Ce9suT","entrans.ai"
"gen-1756755573-uUoTbiaQcHaMF2Ce9suT","superside.com"
"gen-1756755573-uUoTbiaQcHaMF2Ce9suT","altamira.ai"
"gen-1756755573-uUoTbiaQcHaMF2Ce9suT","aimagazine.com"
"gen-1756755585-qfvSglFDzPON3Lpfz18C","rtslabs.com"
"gen-1756755585-qfvSglFDzPON3Lpfz18C","superside.com"
"gen-1756755585-qfvSglFDzPON3Lpfz18C","aimagazine.com"
"gen-1756755585-qfvSglFDzPON3Lpfz18C","biz4group.com"
"gen-1756755585-qfvSglFDzPON3Lpfz18C","theconsultingreport.com"
"gen-1756755593-uxbxJoDN65PHM0GF7wYV","designveloper.com"
"gen-1756755593-uxbxJoDN65PHM0GF7wYV","procurementmag.com"
"gen-1756755593-uxbxJoDN65PHM0GF7wYV","altamira.ai"
"gen-1756755593-uxbxJoDN65PHM0GF7wYV","rapidinnovation.io"
"gen-1756755593-uxbxJoDN65PHM0GF7wYV","crn.com"
"gen-1756755603-eY6TMkA4LLWyHsGYHWwF","greatminds.consulting"
"gen-1756755603-eY6TMkA4LLWyHsGYHWwF","procurementmag.com"
"gen-1756755603-eY6TMkA4LLWyHsGYHWwF","accelirate.com"
"gen-1756755603-eY6TMkA4LLWyHsGYHWwF","supplychaindigital.com"
"gen-1756755603-eY6TMkA4LLWyHsGYHWwF","entrans.ai"
"gen-1756755614-0HUuSuxlalrULSNMji7K","binariks.com"
"gen-1756755614-0HUuSuxlalrULSNMji7K","accelirate.com"
"gen-1756755614-0HUuSuxlalrULSNMji7K","singlestoneconsulting.com"
"gen-1756755614-0HUuSuxlalrULSNMji7K","artofprocurement.com"
"gen-1756755614-0HUuSuxlalrULSNMji7K","growthrocks.com"
"gen-1756755622-r36fT1Cc1ZXQ0cs30kZ4","rtslabs.com"
"gen-1756755622-r36fT1Cc1ZXQ0cs30kZ4","binariks.com"
"gen-1756755622-r36fT1Cc1ZXQ0cs30kZ4","superside.com"
"gen-1756755622-r36fT1Cc1ZXQ0cs30kZ4","bitcot.com"
"gen-1756755622-r36fT1Cc1ZXQ0cs30kZ4","aimagazine.com"
"gen-1756755637-DgpyOBR6TgD2YOj40a1V","indatalabs.com"
"gen-1756755637-DgpyOBR6TgD2YOj40a1V","procurementmag.com"
"gen-1756755637-DgpyOBR6TgD2YOj40a1V","rtslabs.com"
"gen-1756755637-DgpyOBR6TgD2YOj40a1V","akira.ai"
"gen-1756755637-DgpyOBR6TgD2YOj40a1V","aimagazine.com"
"gen-1756755649-RCKvCQkpaGU36kKYS28W","webisoft.com"
"gen-1756755649-RCKvCQkpaGU36kKYS28W","procurementmag.com"
"gen-1756755649-RCKvCQkpaGU36kKYS28W","binariks.com"
"gen-1756755649-RCKvCQkpaGU36kKYS28W","teneo.ai"
"gen-1756755649-RCKvCQkpaGU36kKYS28W","theconsultingreport.com"
"gen-1756755656-7gFQI1cnVa3NNMDmGRLA","designveloper.com"
"gen-1756755656-7gFQI1cnVa3NNMDmGRLA","indatalabs.com"
"gen-1756755656-7gFQI1cnVa3NNMDmGRLA","kanerika.com"
"gen-1756755656-7gFQI1cnVa3NNMDmGRLA","multimodal.dev"
"gen-1756755656-7gFQI1cnVa3NNMDmGRLA","sendbird.com"
"gen-1756755664-60E2RidveZKERDIvs1ML","indatalabs.com"
"gen-1756755664-60E2RidveZKERDIvs1ML","rtslabs.com"
"gen-1756755664-60E2RidveZKERDIvs1ML","superside.com"
"gen-1756755664-60E2RidveZKERDIvs1ML","aimagazine.com"
"gen-1756755664-60E2RidveZKERDIvs1ML","theconsultingreport.com"
"gen-1756755675-rdv3tZCOoeZNQMB0tTqa","boardofinnovation.com"
"gen-1756755675-rdv3tZCOoeZNQMB0tTqa","altamira.ai"
"gen-1756755675-rdv3tZCOoeZNQMB0tTqa","webisoft.com"
"gen-1756755675-rdv3tZCOoeZNQMB0tTqa","coveo.com"
"gen-1756755675-rdv3tZCOoeZNQMB0tTqa","binariks.com"
"gen-1756755684-yjmm3lg72wofU9KQXbFn","indatalabs.com"
"gen-1756755684-yjmm3lg72wofU9KQXbFn","jaggaer.com"
"gen-1756755684-yjmm3lg72wofU9KQXbFn","growexx.com"
"gen-1756755684-yjmm3lg72wofU9KQXbFn","akira.ai"
"gen-1756755684-yjmm3lg72wofU9KQXbFn","aimagazine.com"
"gen-1756755695-6bjONXMtGQZ1hJ8jQWJz","boardofinnovation.com"
"gen-1756755695-6bjONXMtGQZ1hJ8jQWJz","binariks.com"
"gen-1756755695-6bjONXMtGQZ1hJ8jQWJz","growthrocks.com"
"gen-1756755695-6bjONXMtGQZ1hJ8jQWJz","miquido.com"
"gen-1756755695-6bjONXMtGQZ1hJ8jQWJz","superside.com"
"gen-1756755701-516kBltZyu66pyVGElOH","indatalabs.com"
"gen-1756755701-516kBltZyu66pyVGElOH","gestisoft.com"
"gen-1756755701-516kBltZyu66pyVGElOH","binariks.com"
"gen-1756755701-516kBltZyu66pyVGElOH","superside.com"
"gen-1756755701-516kBltZyu66pyVGElOH","digiscorp.com"
"gen-1756755709-MEouEdwdidOoNNN6HbYj","designveloper.com"
"gen-1756755709-MEouEdwdidOoNNN6HbYj","entrans.ai"
"gen-1756755709-MEouEdwdidOoNNN6HbYj","crn.com"
"gen-1756755709-MEouEdwdidOoNNN6HbYj","rsmus.com"
"gen-1756755709-MEouEdwdidOoNNN6HbYj","binariks.com"
"gen-1756755715-3XTFbvcsU3foiIeU5Nlv","boardofinnovation.com"
"gen-1756755715-3XTFbvcsU3foiIeU5Nlv","procurementmag.com"
"gen-1756755715-3XTFbvcsU3foiIeU5Nlv","rtslabs.com"
"gen-1756755715-3XTFbvcsU3foiIeU5Nlv","gestisoft.com"
"gen-1756755715-3XTFbvcsU3foiIeU5Nlv","superside.com"
"gen-1756755724-H2TEKzgTN0fosL1vSpyI","boardofinnovation.com"
"gen-1756755724-H2TEKzgTN0fosL1vSpyI","entrans.ai"
"gen-1756755724-H2TEKzgTN0fosL1vSpyI","rtslabs.com"
"gen-1756755724-H2TEKzgTN0fosL1vSpyI","designveloper.com"
"gen-1756755724-H2TEKzgTN0fosL1vSpyI","superside.com"
"gen-1756755732-Fd38oN29AajEYNRpFdpg","indatalabs.com"
"gen-1756755732-Fd38oN29AajEYNRpFdpg","growexx.com"
"gen-1756755732-Fd38oN29AajEYNRpFdpg","superside.com"
"gen-1756755732-Fd38oN29AajEYNRpFdpg","aimagazine.com"
"gen-1756755732-Fd38oN29AajEYNRpFdpg","theconsultingreport.com"
"gen-1756755741-bRPxK8ZrZojAd4BmIw86","agathon.ai"
"gen-1756755741-bRPxK8ZrZojAd4BmIw86","jaggaer.com"
"gen-1756755741-bRPxK8ZrZojAd4BmIw86","wiserbrand.com"
"gen-1756755741-bRPxK8ZrZojAd4BmIw86","designveloper.com"
"gen-1756755741-bRPxK8ZrZojAd4BmIw86","aimagazine.com"
"gen-1756755754-mdrcwg5DSGBmkPTvlrDS","rtslabs.com"
"gen-1756755754-mdrcwg5DSGBmkPTvlrDS","designveloper.com"
"gen-1756755754-mdrcwg5DSGBmkPTvlrDS","superside.com"
"gen-1756755754-mdrcwg5DSGBmkPTvlrDS","entrans.ai"
"gen-1756755754-mdrcwg5DSGBmkPTvlrDS","aimagazine.com"
"gen-1756755764-JQUOgGSpynJEq1YpWKEY","boardofinnovation.com"
"gen-1756755764-JQUOgGSpynJEq1YpWKEY","highpeaksw.com"
"gen-1756755764-JQUOgGSpynJEq1YpWKEY","rtslabs.com"
"gen-1756755764-JQUOgGSpynJEq1YpWKEY","scopicsoftware.com"
"gen-1756755764-JQUOgGSpynJEq1YpWKEY","superside.com"
"gen-1756755773-H4uI2rIHmosY5Tblr1v0","indatalabs.com"
"gen-1756755773-H4uI2rIHmosY5Tblr1v0","growexx.com"
"gen-1756755773-H4uI2rIHmosY5Tblr1v0","superside.com"
"gen-1756755773-H4uI2rIHmosY5Tblr1v0","aimagazine.com"
"gen-1756755773-H4uI2rIHmosY5Tblr1v0","theconsultingreport.com"
"gen-1756755783-IYiP9kD6iSjw0Vietb7Y","rtslabs.com"
"gen-1756755783-IYiP9kD6iSjw0Vietb7Y","rsmus.com"
"gen-1756755783-IYiP9kD6iSjw0Vietb7Y","superside.com"
"gen-1756755783-IYiP9kD6iSjw0Vietb7Y","theceoviews.com"
"gen-1756755783-IYiP9kD6iSjw0Vietb7Y","aimagazine.com"
"gen-1756755794-OwTRegvHdu30OCt8EgO9","indatalabs.com"
"gen-1756755794-OwTRegvHdu30OCt8EgO9","prismetric.com"
"gen-1756755794-OwTRegvHdu30OCt8EgO9","superside.com"
"gen-1756755794-OwTRegvHdu30OCt8EgO9","gogloby.io"
"gen-1756755794-OwTRegvHdu30OCt8EgO9","aimagazine.com"
"gen-1756755800-k5bLeb0iq29Y9R5pY6Pv","designveloper.com"
"gen-1756755800-k5bLeb0iq29Y9R5pY6Pv","biz4group.com"
"gen-1756755800-k5bLeb0iq29Y9R5pY6Pv","binariks.com"
"gen-1756755800-k5bLeb0iq29Y9R5pY6Pv","rsmus.com"
"gen-1756755800-k5bLeb0iq29Y9R5pY6Pv","kanerika.com"
"gen-1756755810-3OuSplROuL1VUL3gDX9h","rtslabs.com"
"gen-1756755810-3OuSplROuL1VUL3gDX9h","sievo.com"
"gen-1756755810-3OuSplROuL1VUL3gDX9h","superside.com"
"gen-1756755810-3OuSplROuL1VUL3gDX9h","jaggaer.com"
"gen-1756755810-3OuSplROuL1VUL3gDX9h","aimagazine.com"
"gen-1756755818-WdOT3AzbtUe0hNk3E59o","boardofinnovation.com"
"gen-1756755818-WdOT3AzbtUe0hNk3E59o","creolestudios.com"
"gen-1756755818-WdOT3AzbtUe0hNk3E59o","rtslabs.com"
"gen-1756755818-WdOT3AzbtUe0hNk3E59o","entrans.ai"
"gen-1756755818-WdOT3AzbtUe0hNk3E59o","superside.com"
"gen-1756755828-zC4L0RWeKX61nnG4lTtJ","binariks.com"
"gen-1756755828-zC4L0RWeKX61nnG4lTtJ","aimagazine.com"
"gen-1756755828-zC4L0RWeKX61nnG4lTtJ","superside.com"
"gen-1756755828-zC4L0RWeKX61nnG4lTtJ","miquido.com"
"gen-1756755828-zC4L0RWeKX61nnG4lTtJ","kanerika.com"
"gen-1756755836-vP83SEDGLPv0Da9rl4mf","designveloper.com"
"gen-1756755836-vP83SEDGLPv0Da9rl4mf","rapidinnovation.io"
"gen-1756755836-vP83SEDGLPv0Da9rl4mf","growexx.com"
"gen-1756755836-vP83SEDGLPv0Da9rl4mf","deviniti.com"
"gen-1756755836-vP83SEDGLPv0Da9rl4mf","crn.com"
"gen-1756755845-YoRRkJgYJRlCHsfUuGXb","boardofinnovation.com"
"gen-1756755845-YoRRkJgYJRlCHsfUuGXb","procurementmag.com"
"gen-1756755845-YoRRkJgYJRlCHsfUuGXb","binariks.com"
"gen-1756755845-YoRRkJgYJRlCHsfUuGXb","suplari.com"
"gen-1756755845-YoRRkJgYJRlCHsfUuGXb","singlestoneconsulting.com"
"gen-1756755856-rPnHW6WDp8i8LfLiGQaZ","boardofinnovation.com"
"gen-1756755856-rPnHW6WDp8i8LfLiGQaZ","dedicatted.com"
"gen-1756755856-rPnHW6WDp8i8LfLiGQaZ","rtslabs.com"
"gen-1756755856-rPnHW6WDp8i8LfLiGQaZ","rsmus.com"
"gen-1756755856-rPnHW6WDp8i8LfLiGQaZ","superside.com"
"gen-1756755864-yrjOQllkRMLfNkwxng2c","boardofinnovation.com"
"gen-1756755864-yrjOQllkRMLfNkwxng2c","agathon.ai"
"gen-1756755864-yrjOQllkRMLfNkwxng2c","designveloper.com"
"gen-1756755864-yrjOQllkRMLfNkwxng2c","superside.com"
"gen-1756755864-yrjOQllkRMLfNkwxng2c","kanerika.com"
"gen-1756755874-erZijT0qlWtJa5dVyM6D","indatalabs.com"
"gen-1756755874-erZijT0qlWtJa5dVyM6D","growexx.com"
"gen-1756755874-erZijT0qlWtJa5dVyM6D","superside.com"
"gen-1756755874-erZijT0qlWtJa5dVyM6D","aimagazine.com"
"gen-1756755874-erZijT0qlWtJa5dVyM6D","theconsultingreport.com"
"gen-1756755884-Wd9LOw2dNF2TP0NmoDyC","indatalabs.com"
"gen-1756755884-Wd9LOw2dNF2TP0NmoDyC","altamira.ai"
"gen-1756755884-Wd9LOw2dNF2TP0NmoDyC","rtslabs.com"
"gen-1756755884-Wd9LOw2dNF2TP0NmoDyC","gestisoft.com"
"gen-1756755884-Wd9LOw2dNF2TP0NmoDyC","superside.com"
"gen-1756755894-MclvQXaT6TKfn7rawLju","indatalabs.com"
"gen-1756755894-MclvQXaT6TKfn7rawLju","growexx.com"
"gen-1756755894-MclvQXaT6TKfn7rawLju","superside.com"
"gen-1756755894-MclvQXaT6TKfn7rawLju","aimagazine.com"
"gen-1756755894-MclvQXaT6TKfn7rawLju","theconsultingreport.com"
"gen-1756755905-TQmY9aIcjKL78U54H7gd","boardofinnovation.com"
"gen-1756755905-TQmY9aIcjKL78U54H7gd","accelirate.com"
"gen-1756755905-TQmY9aIcjKL78U54H7gd","binariks.com"
"gen-1756755905-TQmY9aIcjKL78U54H7gd","scopicsoftware.com"
"gen-1756755905-TQmY9aIcjKL78U54H7gd","growthrocks.com"
"gen-1756755914-zaIfJ0keXLMh0WKsNe5k","binariks.com"
"gen-1756755914-zaIfJ0keXLMh0WKsNe5k","growthrocks.com"
"gen-1756755914-zaIfJ0keXLMh0WKsNe5k","miquido.com"
"gen-1756755914-zaIfJ0keXLMh0WKsNe5k","superside.com"
"gen-1756755914-zaIfJ0keXLMh0WKsNe5k","theconsultingreport.com"
"gen-1756755921-ijYXsaeKM1M19jgsGUEO","binariks.com"
"gen-1756755921-ijYXsaeKM1M19jgsGUEO","rsmus.com"
"gen-1756755921-ijYXsaeKM1M19jgsGUEO","growthrocks.com"
"gen-1756755921-ijYXsaeKM1M19jgsGUEO","fairmarkit.com"
"gen-1756755921-ijYXsaeKM1M19jgsGUEO","theconsultingreport.com"
"gen-1756755930-WL43yS7TADmuJ9okCTub","indatalabs.com"
"gen-1756755930-WL43yS7TADmuJ9okCTub","rtslabs.com"
"gen-1756755930-WL43yS7TADmuJ9okCTub","rtslabs.com"
"gen-1756755930-WL43yS7TADmuJ9okCTub","quinnox.com"
"gen-1756755930-WL43yS7TADmuJ9okCTub","aimagazine.com"
"gen-1756755941-DdEBDmjm1hPIm7wj1LKa","boardofinnovation.com"
"gen-1756755941-DdEBDmjm1hPIm7wj1LKa","deviniti.com"
"gen-1756755941-DdEBDmjm1hPIm7wj1LKa","rtslabs.com"
"gen-1756755941-DdEBDmjm1hPIm7wj1LKa","sendbird.com"
"gen-1756755941-DdEBDmjm1hPIm7wj1LKa","superside.com"
"gen-1756755952-ozM4jnfZgsE0J5X8XIdS","boardofinnovation.com"
"gen-1756755952-ozM4jnfZgsE0J5X8XIdS","designveloper.com"
"gen-1756755952-ozM4jnfZgsE0J5X8XIdS","gestisoft.com"
"gen-1756755952-ozM4jnfZgsE0J5X8XIdS","ziphq.com"
"gen-1756755952-ozM4jnfZgsE0J5X8XIdS","singlestoneconsulting.com"
"gen-1756755961-Lm9pdLqFJhcLzJlf3g2x","boardofinnovation.com"
"gen-1756755961-Lm9pdLqFJhcLzJlf3g2x","rtslabs.com"
"gen-1756755961-Lm9pdLqFJhcLzJlf3g2x","superside.com"
"gen-1756755961-Lm9pdLqFJhcLzJlf3g2x","aimagazine.com"
"gen-1756755961-Lm9pdLqFJhcLzJlf3g2x","theconsultingreport.com"
"gen-1756755974-HAN0hEV4sntJOvguakqC","binariks.com"
"gen-1756755974-HAN0hEV4sntJOvguakqC","procurementmag.com"
"gen-1756755974-HAN0hEV4sntJOvguakqC","rtslabs.com"
"gen-1756755974-HAN0hEV4sntJOvguakqC","designveloper.com"
"gen-1756755974-HAN0hEV4sntJOvguakqC","aimagazine.com"
"gen-1756755980-7MEw4Vc6NMy9nMRvvHMF","boardofinnovation.com"
"gen-1756755980-7MEw4Vc6NMy9nMRvvHMF","accelirate.com"
"gen-1756755980-7MEw4Vc6NMy9nMRvvHMF","binariks.com"
"gen-1756755980-7MEw4Vc6NMy9nMRvvHMF","jaggaer.com"
"gen-1756755980-7MEw4Vc6NMy9nMRvvHMF","miquido.com"
"gen-1756755987-Q1E4dL9Q5XspBUSm3Clw","designveloper.com"
"gen-1756755987-Q1E4dL9Q5XspBUSm3Clw","entrans.ai"
"gen-1756755987-Q1E4dL9Q5XspBUSm3Clw","dextralabs.com"
"gen-1756755987-Q1E4dL9Q5XspBUSm3Clw","xenonstack.com"
"gen-1756755987-Q1E4dL9Q5XspBUSm3Clw","crn.com"
"gen-1756755995-0w0eInzlSd5XIo6vHAxn","binariks.com"
"gen-1756755995-0w0eInzlSd5XIo6vHAxn","kanerika.com"
"gen-1756755995-0w0eInzlSd5XIo6vHAxn","miquido.com"
"gen-1756755995-0w0eInzlSd5XIo6vHAxn","research.aimultiple.com"
"gen-1756755995-0w0eInzlSd5XIo6vHAxn","clutch.co"
"gen-1756756005-1J0Y8mrroCd14Zl3SVZr","binariks.com"
"gen-1756756005-1J0Y8mrroCd14Zl3SVZr","entrans.ai"
"gen-1756756005-1J0Y8mrroCd14Zl3SVZr","gestisoft.com"
"gen-1756756005-1J0Y8mrroCd14Zl3SVZr","designveloper.com"
"gen-1756756005-1J0Y8mrroCd14Zl3SVZr","superside.com"
"gen-1756756014-S0UEJ6Tb8KlSBfCfoR9J","binariks.com"
"gen-1756756014-S0UEJ6Tb8KlSBfCfoR9J","centricconsulting.com"
"gen-1756756014-S0UEJ6Tb8KlSBfCfoR9J","growthrocks.com"
"gen-1756756014-S0UEJ6Tb8KlSBfCfoR9J","miquido.com"
"gen-1756756014-S0UEJ6Tb8KlSBfCfoR9J","superside.com"
"gen-1756756020-QJXSMDkRMPEa44SeRMls","boardofinnovation.com"
"gen-1756756020-QJXSMDkRMPEa44SeRMls","procurementmag.com"
"gen-1756756020-QJXSMDkRMPEa44SeRMls","rtslabs.com"
"gen-1756756020-QJXSMDkRMPEa44SeRMls","pwc.com"
"gen-1756756020-QJXSMDkRMPEa44SeRMls","superside.com"
"gen-1756756026-PpwuQv0j0kiioZwpxMuG","indatalabs.com"
"gen-1756756026-PpwuQv0j0kiioZwpxMuG","rtslabs.com"
"gen-1756756026-PpwuQv0j0kiioZwpxMuG","superside.com"
"gen-1756756026-PpwuQv0j0kiioZwpxMuG","aimagazine.com"
"gen-1756756026-PpwuQv0j0kiioZwpxMuG","theconsultingreport.com"
"gen-1756756032-lPAWJM6eujnjbdcf4OMC","entrans.ai"
"gen-1756756032-lPAWJM6eujnjbdcf4OMC","growexx.com"
"gen-1756756032-lPAWJM6eujnjbdcf4OMC","designveloper.com"
"gen-1756756032-lPAWJM6eujnjbdcf4OMC","multimodal.dev"
"gen-1756756032-lPAWJM6eujnjbdcf4OMC","binariks.com"
"gen-1756756042-Em8TqIw3IWUqKM5Jwl0a","entrans.ai"
"gen-1756756042-Em8TqIw3IWUqKM5Jwl0a","altamira.ai"
"gen-1756756042-Em8TqIw3IWUqKM5Jwl0a","binariks.com"
"gen-1756756042-Em8TqIw3IWUqKM5Jwl0a","procurementmag.com"
"gen-1756756042-Em8TqIw3IWUqKM5Jwl0a","multimodal.dev"
"gen-1756756055-VLsea60IcklUbGc4nvP7","boardofinnovation.com"
"gen-1756756055-VLsea60IcklUbGc4nvP7","sganalytics.com"
"gen-1756756055-VLsea60IcklUbGc4nvP7","rtslabs.com"
"gen-1756756055-VLsea60IcklUbGc4nvP7","gestisoft.com"
"gen-1756756055-VLsea60IcklUbGc4nvP7","superside.com"
"gen-1756756064-o3eHbx3gWKrDdM87SBw1","boardofinnovation.com"
"gen-1756756064-o3eHbx3gWKrDdM87SBw1","procurementmag.com"
"gen-1756756064-o3eHbx3gWKrDdM87SBw1","indatalabs.com"
"gen-1756756064-o3eHbx3gWKrDdM87SBw1","designveloper.com"
"gen-1756756064-o3eHbx3gWKrDdM87SBw1","rtslabs.com"
"gen-1756756072-C76UR7e2ZmLMlP4vuHbg","designveloper.com"
"gen-1756756072-C76UR7e2ZmLMlP4vuHbg","entrans.ai"
"gen-1756756072-C76UR7e2ZmLMlP4vuHbg","crn.com"
"gen-1756756072-C76UR7e2ZmLMlP4vuHbg","rsmus.com"
"gen-1756756072-C76UR7e2ZmLMlP4vuHbg","binariks.com"
"gen-1756756082-YFd2yAufhhGqIUOmHalz","boardofinnovation.com"
"gen-1756756082-YFd2yAufhhGqIUOmHalz","indatalabs.com"
"gen-1756756082-YFd2yAufhhGqIUOmHalz","rtslabs.com"
"gen-1756756082-YFd2yAufhhGqIUOmHalz","superside.com"
"gen-1756756082-YFd2yAufhhGqIUOmHalz","aimagazine.com"
"gen-1756756090-RJQDaMQy8eQghjYzMsI9","crn.com"
"gen-1756756090-RJQDaMQy8eQghjYzMsI9","entrans.ai"
"gen-1756756090-RJQDaMQy8eQghjYzMsI9","binariks.com"
"gen-1756756090-RJQDaMQy8eQghjYzMsI9","mckinsey.com"
"gen-1756756090-RJQDaMQy8eQghjYzMsI9","superside.com"
"gen-1756756101-I9GpsAVP86gYzmwE23u3","boardofinnovation.com"
"gen-1756756101-I9GpsAVP86gYzmwE23u3","techvify.com"
"gen-1756756101-I9GpsAVP86gYzmwE23u3","agathon.ai"
"gen-1756756101-I9GpsAVP86gYzmwE23u3","scopicsoftware.com"
"gen-1756756101-I9GpsAVP86gYzmwE23u3","aimagazine.com"
"gen-1756756108-gioDb4xj8RMuLRLAJS4N","boardofinnovation.com"
"gen-1756756108-gioDb4xj8RMuLRLAJS4N","binariks.com"
"gen-1756756108-gioDb4xj8RMuLRLAJS4N","singlestoneconsulting.com"
"gen-1756756108-gioDb4xj8RMuLRLAJS4N","growthrocks.com"
"gen-1756756108-gioDb4xj8RMuLRLAJS4N","rtslabs.com"
"gen-1756756119-Ht8Xlo7Xq3f3sa6A0Te6","boardofinnovation.com"
"gen-1756756119-Ht8Xlo7Xq3f3sa6A0Te6","acquisition-international.com"
"gen-1756756119-Ht8Xlo7Xq3f3sa6A0Te6","indatalabs.com"
"gen-1756756119-Ht8Xlo7Xq3f3sa6A0Te6","techvify.com"
"gen-1756756119-Ht8Xlo7Xq3f3sa6A0Te6","growexx.com"
"gen-1756756124-oDPFWWkpCeCPOX3OXCGz","indatalabs.com"
"gen-1756756124-oDPFWWkpCeCPOX3OXCGz","growexx.com"
"gen-1756756124-oDPFWWkpCeCPOX3OXCGz","superside.com"
"gen-1756756124-oDPFWWkpCeCPOX3OXCGz","aimagazine.com"
"gen-1756756124-oDPFWWkpCeCPOX3OXCGz","theconsultingreport.com"
"gen-1756756136-JZqcwo9BkwldCosga82Z","designveloper.com"
"gen-1756756136-JZqcwo9BkwldCosga82Z","biz4group.com"
"gen-1756756136-JZqcwo9BkwldCosga82Z","procurementmag.com"
"gen-1756756136-JZqcwo9BkwldCosga82Z","eweek.com"
"gen-1756756136-JZqcwo9BkwldCosga82Z","smartcat.com"
"gen-1756756145-I8mbaxPYlXO73IxFKoL4","designveloper.com"
"gen-1756756145-I8mbaxPYlXO73IxFKoL4","crn.com"
"gen-1756756145-I8mbaxPYlXO73IxFKoL4","binariks.com"
"gen-1756756145-I8mbaxPYlXO73IxFKoL4","kanerika.com"
"gen-1756756145-I8mbaxPYlXO73IxFKoL4","sendbird.com"
"gen-1756756154-uxPCVoraHfqJNfKXaYFu","boardofinnovation.com"
"gen-1756756154-uxPCVoraHfqJNfKXaYFu","procurementmag.com"
"gen-1756756154-uxPCVoraHfqJNfKXaYFu","rtslabs.com"
"gen-1756756154-uxPCVoraHfqJNfKXaYFu","altamira.ai"
"gen-1756756154-uxPCVoraHfqJNfKXaYFu","superside.com"
"gen-1756756162-TiYexl1V6XB7pcViU268","boardofinnovation.com"
"gen-1756756162-TiYexl1V6XB7pcViU268","citigroup.com"
"gen-1756756162-TiYexl1V6XB7pcViU268","webisoft.com"
"gen-1756756162-TiYexl1V6XB7pcViU268","amazon.jobs"
"gen-1756756162-TiYexl1V6XB7pcViU268","singlestoneconsulting.com"
"gen-1756756170-mNHwp2vloesBHTVUc0up","indatalabs.com"
"gen-1756756170-mNHwp2vloesBHTVUc0up","procurementmag.com"
"gen-1756756170-mNHwp2vloesBHTVUc0up","rtslabs.com"
"gen-1756756170-mNHwp2vloesBHTVUc0up","sendbird.com"
"gen-1756756170-mNHwp2vloesBHTVUc0up","aimagazine.com"
"gen-1756756179-NAUjCR4BhEFYC8fFUugB","boardofinnovation.com"
"gen-1756756179-NAUjCR4BhEFYC8fFUugB","sganalytics.com"
"gen-1756756179-NAUjCR4BhEFYC8fFUugB","superside.com"
"gen-1756756179-NAUjCR4BhEFYC8fFUugB","scopicsoftware.com"
"gen-1756756179-NAUjCR4BhEFYC8fFUugB","kanerika.com"
