"id","citedURLs"
"gen-1756754829-Zk71eOr0Pp8Lp87bSuAK","https://www.designveloper.com/blog/top-agentic-ai-companies/"
"gen-1756754829-Zk71eOr0Pp8Lp87bSuAK","https://techvify.com/artificial-intelligence-ai-consulting-firms/"
"gen-1756754829-Zk71eOr0Pp8Lp87bSuAK","https://indatalabs.com/blog/top-ai-consulting-firms"
"gen-1756754829-Zk71eOr0Pp8Lp87bSuAK","https://www.gestisoft.com/en/blog/top-ai-consulting-firms"
"gen-1756754829-Zk71eOr0Pp8Lp87bSuAK","https://kanerika.com/blogs/generative-ai-consulting/"
"gen-1756754839-hyC0I4N4Uelb9HxKHLDS","https://indatalabs.com/blog/top-ai-consulting-firms"
"gen-1756754839-hyC0I4N4Uelb9HxKHLDS","https://dedicatted.com/services/artificial-intelligence/agentic"
"gen-1756754839-hyC0I4N4Uelb9HxKHLDS","https://www.superside.com/blog/ai-consulting-companies"
"gen-1756754839-hyC0I4N4Uelb9HxKHLDS","https://aptacloud.com/top-ai-consulting-companies-in-dallas-texas/"
"gen-1756754839-hyC0I4N4Uelb9HxKHLDS","https://aimagazine.com/top10/top-10-global-ai-consulting-firms"
"gen-1756754850-HaIFOBjbyZWRhtTOGBZ8","https://indatalabs.com/blog/top-ai-consulting-firms"
"gen-1756754850-HaIFOBjbyZWRhtTOGBZ8","https://procurementmag.com/top10/top-10-companies-agentic-ai"
"gen-1756754850-HaIFOBjbyZWRhtTOGBZ8","https://www.gestisoft.com/en/blog/top-ai-consulting-firms"
"gen-1756754850-HaIFOBjbyZWRhtTOGBZ8","https://www.jaggaer.com/blog/agentic-ai-strategic-procurement-beyond-automation"
"gen-1756754850-HaIFOBjbyZWRhtTOGBZ8","https://www.superside.com/blog/ai-consulting-companies"
"gen-1756754857-36jU2n6mcdg0lWV04Nmj","https://www.boardofinnovation.com/blog/top-ai-consulting-firms-in-2025/"
"gen-1756754857-36jU2n6mcdg0lWV04Nmj","https://binariks.com/blog/top-ai-consulting-firms/"
"gen-1756754857-36jU2n6mcdg0lWV04Nmj","https://indatalabs.com/blog/top-ai-consulting-firms"
"gen-1756754857-36jU2n6mcdg0lWV04Nmj","https://www.miquido.com/blog/top-ai-consulting-companies/"
"gen-1756754857-36jU2n6mcdg0lWV04Nmj","https://www.growexx.com/blog/top-ai-consulting-companies/"
"gen-1756754864-V5SxEdVm9YS3gsNCMB8Y","https://www.gestisoft.com/en/blog/top-ai-consulting-firms"
"gen-1756754864-V5SxEdVm9YS3gsNCMB8Y","https://www.multimodal.dev/post/36-top-agentic-ai-vendors-in-2024"
"gen-1756754864-V5SxEdVm9YS3gsNCMB8Y","https://www.entrans.ai/blog/top-agentic-ai-development-companies"
"gen-1756754864-V5SxEdVm9YS3gsNCMB8Y","https://binariks.com/blog/top-ai-consulting-firms/"
"gen-1756754864-V5SxEdVm9YS3gsNCMB8Y","https://markovate.com/top-ai-agent-development-companies/"
"gen-1756754872-9d7tpQuopkSH6YyT1DYx","https://rtslabs.com/comparing-top-ai-consulting-services"
"gen-1756754872-9d7tpQuopkSH6YyT1DYx","https://www.altamira.ai/blog/best-ai-agent-development-companies/"
"gen-1756754872-9d7tpQuopkSH6YyT1DYx","https://www.superside.com/blog/ai-consulting-companies"
"gen-1756754872-9d7tpQuopkSH6YyT1DYx","https://www.entrans.ai/blog/top-agentic-ai-development-companies"
"gen-1756754872-9d7tpQuopkSH6YyT1DYx","https://aimagazine.com/top10/top-10-global-ai-consulting-firms"
"gen-1756754881-XBaPnhXPykktnpI0yOrt","https://www.boardofinnovation.com/blog/top-ai-consulting-firms-in-2025/"
"gen-1756754881-XBaPnhXPykktnpI0yOrt","https://www.gestisoft.com/en/blog/top-ai-consulting-firms"
"gen-1756754881-XBaPnhXPykktnpI0yOrt","https://agathon.ai/insights/top-ai-consulting-companies-for-2025:-the-rise-of-boutique-technical-excellence"
"gen-1756754881-XBaPnhXPykktnpI0yOrt","https://www.sganalytics.com/blog/10-top-ai-consulting-companies/"
"gen-1756754881-XBaPnhXPykktnpI0yOrt","https://wiserbrand.com/best-ai-consulting-companies/"
"gen-1756754887-voNQRYsN78CJhZuE67hM","https://www.boardofinnovation.com/blog/top-ai-consulting-firms-in-2025/"
"gen-1756754887-voNQRYsN78CJhZuE67hM","https://binariks.com/blog/top-ai-consulting-firms/"
"gen-1756754887-voNQRYsN78CJhZuE67hM","https://rtslabs.com/top-machine-learning-consulting-companies"
"gen-1756754887-voNQRYsN78CJhZuE67hM","https://www.superside.com/blog/ai-consulting-companies"
"gen-1756754887-voNQRYsN78CJhZuE67hM","https://aimagazine.com/top10/top-10-global-ai-consulting-firms"
"gen-1756754896-zTOlQ4FA821XC9ZHAKJQ","https://www.gestisoft.com/en/blog/top-ai-consulting-firms"
"gen-1756754896-zTOlQ4FA821XC9ZHAKJQ","https://www.multimodal.dev/post/36-top-agentic-ai-vendors-in-2024"
"gen-1756754896-zTOlQ4FA821XC9ZHAKJQ","https://www.entrans.ai/blog/top-agentic-ai-development-companies"
"gen-1756754896-zTOlQ4FA821XC9ZHAKJQ","https://binariks.com/blog/top-ai-consulting-firms/"
"gen-1756754896-zTOlQ4FA821XC9ZHAKJQ","https://www.xenonstack.com/blog/top-ai-strategy-engineering-companies"
"gen-1756754904-Z6ypE9lLK4YEEajsmoNh","https://www.designveloper.com/blog/top-agentic-ai-companies/"
"gen-1756754904-Z6ypE9lLK4YEEajsmoNh","https://www.entrans.ai/blog/top-agentic-ai-development-companies"
"gen-1756754904-Z6ypE9lLK4YEEajsmoNh","https://www.crn.com/news/ai/2025/10-hottest-agentic-ai-tools-and-agents-of-2025-so-far"
"gen-1756754904-Z6ypE9lLK4YEEajsmoNh","https://deviniti.com/blog/enterprise-software/best-ai-agent-development-companies/"
"gen-1756754904-Z6ypE9lLK4YEEajsmoNh","https://binariks.com/blog/top-ai-consulting-firms/"
"gen-1756754913-IjQJM9pSkjmN0faZJGsl","https://agathon.ai/insights/top-ai-consulting-companies-for-2025:-the-rise-of-boutique-technical-excellence"
"gen-1756754913-IjQJM9pSkjmN0faZJGsl","https://www.designveloper.com/blog/top-agentic-ai-companies/"
"gen-1756754913-IjQJM9pSkjmN0faZJGsl","https://www.superside.com/blog/ai-consulting-companies"
"gen-1756754913-IjQJM9pSkjmN0faZJGsl","https://kanerika.com/blogs/generative-ai-consulting/"
"gen-1756754913-IjQJM9pSkjmN0faZJGsl","https://www.multimodal.dev/post/36-top-agentic-ai-vendors-in-2024"
"gen-1756754921-mMLjASAlU1TxqkP1nk1G","https://www.boardofinnovation.com/blog/top-ai-consulting-firms-in-2025/"
"gen-1756754921-mMLjASAlU1TxqkP1nk1G","https://centricconsulting.com/technology-solutions/artificial-intelligence-consulting/ai-agent-development-services/"
"gen-1756754921-mMLjASAlU1TxqkP1nk1G","https://rtslabs.com/comparing-top-ai-consulting-services"
"gen-1756754921-mMLjASAlU1TxqkP1nk1G","https://www.smartosc.com/top-10-agentic-ai-companies-leading-innovation/"
"gen-1756754921-mMLjASAlU1TxqkP1nk1G","https://www.superside.com/blog/ai-consulting-companies"
"gen-1756754931-naMslKzrIdIrjrpI86vw","https://www.boardofinnovation.com/blog/top-ai-consulting-firms-in-2025/"
"gen-1756754931-naMslKzrIdIrjrpI86vw","https://www.biz4group.com/blog/top-use-cases-of-agentic-ai"
"gen-1756754931-naMslKzrIdIrjrpI86vw","https://agathon.ai/insights/top-ai-consulting-companies-for-2025:-the-rise-of-boutique-technical-excellence"
"gen-1756754931-naMslKzrIdIrjrpI86vw","https://sendbird.com/blog/agentic-ai-companies"
"gen-1756754931-naMslKzrIdIrjrpI86vw","https://aimagazine.com/top10/top-10-global-ai-consulting-firms"
"gen-1756754937-WMUguqAMSEzZRaFSwmc7","https://indatalabs.com/blog/top-ai-consulting-firms"
"gen-1756754937-WMUguqAMSEzZRaFSwmc7","https://www.growexx.com/blog/top-ai-consulting-companies/"
"gen-1756754937-WMUguqAMSEzZRaFSwmc7","https://www.superside.com/blog/ai-consulting-companies"
"gen-1756754937-WMUguqAMSEzZRaFSwmc7","https://aimagazine.com/top10/top-10-global-ai-consulting-firms"
"gen-1756754937-WMUguqAMSEzZRaFSwmc7","https://www.theconsultingreport.com/the-top-consulting-firms-of-2025/"
"gen-1756754948-bjfxvaM7jUY3OqCUUdm4","https://binariks.com/blog/top-ai-consulting-firms/"
"gen-1756754948-bjfxvaM7jUY3OqCUUdm4","https://www.jaggaer.com/blog/agentic-ai-strategic-procurement-beyond-automation"
"gen-1756754948-bjfxvaM7jUY3OqCUUdm4","https://rtslabs.com/top-machine-learning-consulting-companies"
"gen-1756754948-bjfxvaM7jUY3OqCUUdm4","https://ziphq.com/guides/the-executive-guide-to-agentic-ai-in-procurement"
"gen-1756754948-bjfxvaM7jUY3OqCUUdm4","https://www.superside.com/blog/ai-consulting-companies"
"gen-1756754959-bHCHwdPJxCUv7mTXOuJf","https://rtslabs.com/comparing-top-ai-consulting-services"
"gen-1756754959-bHCHwdPJxCUv7mTXOuJf","https://www.miquido.com/blog/top-ai-consulting-companies/"
"gen-1756754959-bHCHwdPJxCUv7mTXOuJf","https://www.superside.com/blog/ai-consulting-companies"
"gen-1756754959-bHCHwdPJxCUv7mTXOuJf","https://www.sganalytics.com/blog/10-top-ai-consulting-companies/"
"gen-1756754959-bHCHwdPJxCUv7mTXOuJf","https://aimagazine.com/top10/top-10-global-ai-consulting-firms"
"gen-1756754967-1zbUh7TsV6vvgeNrBCWz","https://www.entrans.ai/blog/top-agentic-ai-development-companies"
"gen-1756754967-1zbUh7TsV6vvgeNrBCWz","https://www.altamira.ai/blog/best-ai-agent-development-companies/"
"gen-1756754967-1zbUh7TsV6vvgeNrBCWz","https://wiserbrand.com/best-ai-consulting-companies/"
"gen-1756754967-1zbUh7TsV6vvgeNrBCWz","https://markovate.com/top-ai-agent-development-companies/"
"gen-1756754967-1zbUh7TsV6vvgeNrBCWz","https://binariks.com/blog/top-ai-consulting-firms/"
"gen-1756754974-zQJJkHj5MOZa6HbscggE","https://www.boardofinnovation.com/blog/top-ai-consulting-firms-in-2025/"
"gen-1756754974-zQJJkHj5MOZa6HbscggE","https://indatalabs.com/blog/top-ai-consulting-firms"
"gen-1756754974-zQJJkHj5MOZa6HbscggE","https://www.superside.com/blog/ai-consulting-companies"
"gen-1756754974-zQJJkHj5MOZa6HbscggE","https://aimagazine.com/top10/top-10-global-ai-consulting-firms"
"gen-1756754974-zQJJkHj5MOZa6HbscggE","https://www.leewayhertz.com/top-ai-consulting-companies/"
"gen-1756754985-8QeTz8437HSE0VPXXual","https://www.boardofinnovation.com/blog/top-ai-consulting-firms-in-2025/"
"gen-1756754985-8QeTz8437HSE0VPXXual","https://procurementmag.com/top10/top-10-companies-agentic-ai"
"gen-1756754985-8QeTz8437HSE0VPXXual","https://webisoft.com/articles/top-ai-consulting-companies/"
"gen-1756754985-8QeTz8437HSE0VPXXual","https://www.evalueserve.com/white-paper/unleashing-agentic-ai-in-the-enterprise-use-cases-trends-and-the-road-ahead/"
"gen-1756754985-8QeTz8437HSE0VPXXual","https://www.singlestoneconsulting.com/blog/10-best-ai-strategy-consulting-services-in-2025"
"gen-1756754993-ugqr5khm4effpm6nZMHe","https://www.boardofinnovation.com/blog/top-ai-consulting-firms-in-2025/"
"gen-1756754993-ugqr5khm4effpm6nZMHe","https://procurementmag.com/top10/top-10-companies-agentic-ai"
"gen-1756754993-ugqr5khm4effpm6nZMHe","https://binariks.com/blog/top-ai-consulting-firms/"
"gen-1756754993-ugqr5khm4effpm6nZMHe","https://scopicsoftware.com/blog/top-ai-consulting-companies/"
"gen-1756754993-ugqr5khm4effpm6nZMHe","https://aimagazine.com/top10/top-10-global-ai-consulting-firms"
"gen-1756755000-GOf3Fj0jve1JvzTMFo17","https://www.boardofinnovation.com/blog/top-ai-consulting-firms-in-2025/"
"gen-1756755000-GOf3Fj0jve1JvzTMFo17","https://procurementmag.com/top10/top-10-companies-agentic-ai"
"gen-1756755000-GOf3Fj0jve1JvzTMFo17","https://binariks.com/blog/top-ai-consulting-firms/"
"gen-1756755000-GOf3Fj0jve1JvzTMFo17","https://www.gestisoft.com/en/blog/top-ai-consulting-firms"
"gen-1756755000-GOf3Fj0jve1JvzTMFo17","https://rtslabs.com/top-machine-learning-consulting-companies"
"gen-1756755008-d7BaUdDY9vp8naQx4pj0","https://www.boardofinnovation.com/blog/top-ai-consulting-firms-in-2025/"
"gen-1756755008-d7BaUdDY9vp8naQx4pj0","https://www.entrans.ai/blog/top-agentic-ai-development-companies"
"gen-1756755008-d7BaUdDY9vp8naQx4pj0","https://indatalabs.com/blog/top-ai-consulting-firms"
"gen-1756755008-d7BaUdDY9vp8naQx4pj0","https://sievo.com/resources/ai-in-procurement"
"gen-1756755008-d7BaUdDY9vp8naQx4pj0","https://webisoft.com/articles/top-ai-consulting-companies/"
"gen-1756755020-l4tt4FPuHlfAqKnouZ8G","https://binariks.com/blog/top-ai-consulting-firms/"
"gen-1756755020-l4tt4FPuHlfAqKnouZ8G","https://procurementmag.com/top10/top-10-companies-agentic-ai"
"gen-1756755020-l4tt4FPuHlfAqKnouZ8G","https://rtslabs.com/top-machine-learning-consulting-companies"
"gen-1756755020-l4tt4FPuHlfAqKnouZ8G","https://www.ivalua.com/blog/ai-agents-in-procurement/"
"gen-1756755020-l4tt4FPuHlfAqKnouZ8G","https://www.superside.com/blog/ai-consulting-companies"
"gen-1756755029-u6nGciDTLm1nqbCUqr8f","https://www.boardofinnovation.com/blog/top-ai-consulting-firms-in-2025/"
"gen-1756755029-u6nGciDTLm1nqbCUqr8f","https://binariks.com/blog/top-ai-consulting-firms/"
"gen-1756755029-u6nGciDTLm1nqbCUqr8f","https://growthrocks.com/blog/ai-consulting-companies/"
"gen-1756755029-u6nGciDTLm1nqbCUqr8f","https://rtslabs.com/top-machine-learning-consulting-companies"
"gen-1756755029-u6nGciDTLm1nqbCUqr8f","https://www.superside.com/blog/ai-consulting-companies"
"gen-1756755036-lZwPX117YMHC4MnEIlDO","https://rtslabs.com/comparing-top-ai-consulting-services"
"gen-1756755036-lZwPX117YMHC4MnEIlDO","https://www.miquido.com/blog/top-ai-consulting-companies/"
"gen-1756755036-lZwPX117YMHC4MnEIlDO","https://www.superside.com/blog/ai-consulting-companies"
"gen-1756755036-lZwPX117YMHC4MnEIlDO","https://scopicsoftware.com/blog/top-ai-consulting-companies/"
"gen-1756755036-lZwPX117YMHC4MnEIlDO","https://aimagazine.com/top10/top-10-global-ai-consulting-firms"
"gen-1756755044-1o0fqX1BdswWEGnYRZNj","https://rtslabs.com/comparing-top-ai-consulting-services"
"gen-1756755044-1o0fqX1BdswWEGnYRZNj","https://www.jaggaer.com/blog/agentic-ai-strategic-procurement-beyond-automation"
"gen-1756755044-1o0fqX1BdswWEGnYRZNj","https://www.superside.com/blog/ai-consulting-companies"
"gen-1756755044-1o0fqX1BdswWEGnYRZNj","https://orbitwebtech.com/agentic-ai-development-services/"
"gen-1756755044-1o0fqX1BdswWEGnYRZNj","https://aimagazine.com/top10/top-10-global-ai-consulting-firms"
"gen-1756755053-3B8hegMOIbT4YSKYAwu3","https://indatalabs.com/blog/top-ai-consulting-firms"
"gen-1756755053-3B8hegMOIbT4YSKYAwu3","https://techvify.com/artificial-intelligence-ai-consulting-firms/"
"gen-1756755053-3B8hegMOIbT4YSKYAwu3","https://www.growexx.com/blog/top-ai-consulting-companies/"
"gen-1756755053-3B8hegMOIbT4YSKYAwu3","https://www.growexx.com/blog/criteria-for-selecting-ai-consulting-partner/"
"gen-1756755053-3B8hegMOIbT4YSKYAwu3","https://aimagazine.com/top10/top-10-global-ai-consulting-firms"
"gen-1756755063-oijcCWQOC2LbFEbH90uY","https://aimagazine.com/top10/top-10-ai-consulting-companies"
"gen-1756755063-oijcCWQOC2LbFEbH90uY","https://www.biz4group.com/blog/build-agentic-ai"
"gen-1756755063-oijcCWQOC2LbFEbH90uY","https://binariks.com/blog/top-ai-consulting-firms/"
"gen-1756755063-oijcCWQOC2LbFEbH90uY","https://procurementmag.com/top10/top-10-companies-agentic-ai"
"gen-1756755063-oijcCWQOC2LbFEbH90uY","https://www.multimodal.dev/post/36-top-agentic-ai-vendors-in-2024"
"gen-1756755078-Av82vn91OhfZyTGO0X5c","https://agathon.ai/insights/top-ai-consulting-companies-for-2025:-the-rise-of-boutique-technical-excellence"
"gen-1756755078-Av82vn91OhfZyTGO0X5c","https://www.sganalytics.com/blog/10-top-ai-consulting-companies/"
"gen-1756755078-Av82vn91OhfZyTGO0X5c","https://www.superside.com/blog/ai-consulting-companies"
"gen-1756755078-Av82vn91OhfZyTGO0X5c","https://5ly.co/blog/top-10-ai-consulting-firms/"
"gen-1756755078-Av82vn91OhfZyTGO0X5c","https://aimagazine.com/top10/top-10-global-ai-consulting-firms"
"gen-1756755087-4mq8i4Rv8Maog8J6yZjT","https://www.designveloper.com/blog/top-agentic-ai-companies/"
"gen-1756755087-4mq8i4Rv8Maog8J6yZjT","https://procurementmag.com/top10/top-10-companies-agentic-ai"
"gen-1756755087-4mq8i4Rv8Maog8J6yZjT","https://www.crn.com/news/ai/2025/10-hottest-agentic-ai-tools-and-agents-of-2025-so-far"
"gen-1756755087-4mq8i4Rv8Maog8J6yZjT","https://www.jaggaer.com/blog/agentic-ai-strategic-procurement-beyond-automation"
"gen-1756755087-4mq8i4Rv8Maog8J6yZjT","https://binariks.com/blog/top-ai-consulting-firms/"
"gen-1756755093-fvXuU5VZhP8cvS6Xif90","https://www.boardofinnovation.com/blog/top-ai-consulting-firms-in-2025/"
"gen-1756755093-fvXuU5VZhP8cvS6Xif90","https://procurementmag.com/top10/top-10-companies-agentic-ai"
"gen-1756755093-fvXuU5VZhP8cvS6Xif90","https://rtslabs.com/comparing-top-ai-consulting-services"
"gen-1756755093-fvXuU5VZhP8cvS6Xif90","https://supplychaindigital.com/technology/top-10-companies-agentic-ai"
"gen-1756755093-fvXuU5VZhP8cvS6Xif90","https://www.superside.com/blog/ai-consulting-companies"
"gen-1756755102-ryr9SYthpe6qFBs267Tq","https://www.boardofinnovation.com/blog/top-ai-consulting-firms-in-2025/"
"gen-1756755102-ryr9SYthpe6qFBs267Tq","https://rtslabs.com/comparing-top-ai-consulting-services"
"gen-1756755102-ryr9SYthpe6qFBs267Tq","https://www.superside.com/blog/ai-consulting-companies"
"gen-1756755102-ryr9SYthpe6qFBs267Tq","https://aimagazine.com/top10/top-10-global-ai-consulting-firms"
"gen-1756755102-ryr9SYthpe6qFBs267Tq","https://www.theconsultingreport.com/the-top-25-artificial-intelligence-consultants-and-leaders-of-2025/"
"gen-1756755114-lMy0JmIelXbsU5UtoWOj","https://www.boardofinnovation.com/blog/top-ai-consulting-firms-in-2025/"
"gen-1756755114-lMy0JmIelXbsU5UtoWOj","https://www.altamira.ai/blog/best-ai-agent-development-companies/"
"gen-1756755114-lMy0JmIelXbsU5UtoWOj","https://indatalabs.com/blog/top-ai-consulting-firms"
"gen-1756755114-lMy0JmIelXbsU5UtoWOj","https://www.entrans.ai/blog/top-agentic-ai-development-companies"
"gen-1756755114-lMy0JmIelXbsU5UtoWOj","https://www.superside.com/blog/ai-consulting-companies"
"gen-1756755120-193voQlKtsrn5htWyY0R","https://binariks.com/blog/top-ai-consulting-firms/"
"gen-1756755120-193voQlKtsrn5htWyY0R","https://rtslabs.com/top-machine-learning-consulting-companies"
"gen-1756755120-193voQlKtsrn5htWyY0R","https://www.superside.com/blog/ai-consulting-companies"
"gen-1756755120-193voQlKtsrn5htWyY0R","https://aimagazine.com/top10/top-10-global-ai-consulting-firms"
"gen-1756755120-193voQlKtsrn5htWyY0R","https://www.theconsultingreport.com/the-top-25-artificial-intelligence-consultants-and-leaders-of-2025/"
"gen-1756755129-HTSIHuwtlhWYs1hHgRvW","https://wiserbrand.com/best-ai-consulting-companies/"
"gen-1756755129-HTSIHuwtlhWYs1hHgRvW","https://sievo.com/blog/embracing-agentic-ai-in-procurement-bridging-the-data-to-action-gap"
"gen-1756755129-HTSIHuwtlhWYs1hHgRvW","https://www.entrans.ai/blog/top-agentic-ai-development-companies"
"gen-1756755129-HTSIHuwtlhWYs1hHgRvW","https://www.rapidinnovation.io/post/for-developers-customizing-ai-agents-for-specific-business-processes"
"gen-1756755129-HTSIHuwtlhWYs1hHgRvW","https://binariks.com/blog/top-ai-consulting-firms/"
"gen-1756755136-ifuzQ9XIvpJRQhRZtvhv","https://rtslabs.com/comparing-top-ai-consulting-services"
"gen-1756755136-ifuzQ9XIvpJRQhRZtvhv","https://www.ampcome.com/post/how-to-choose-the-best-ai-agent-company"
"gen-1756755136-ifuzQ9XIvpJRQhRZtvhv","https://www.superside.com/blog/ai-consulting-companies"
"gen-1756755136-ifuzQ9XIvpJRQhRZtvhv","https://deviniti.com/blog/enterprise-software/best-ai-agent-development-companies/"
"gen-1756755136-ifuzQ9XIvpJRQhRZtvhv","https://aimagazine.com/top10/top-10-global-ai-consulting-firms"
"gen-1756755145-cTm6IAeXJFYaZf90z55k","https://www.boardofinnovation.com/blog/top-ai-consulting-firms-in-2025/"
"gen-1756755145-cTm6IAeXJFYaZf90z55k","https://rtslabs.com/comparing-top-ai-consulting-services"
"gen-1756755145-cTm6IAeXJFYaZf90z55k","https://www.superside.com/blog/ai-consulting-companies"
"gen-1756755145-cTm6IAeXJFYaZf90z55k","https://aimagazine.com/top10/top-10-global-ai-consulting-firms"
"gen-1756755145-cTm6IAeXJFYaZf90z55k","https://www.theconsultingreport.com/the-top-25-artificial-intelligence-consultants-and-leaders-of-2025/"
"gen-1756755152-p24CW2OELojnXHdw2kZH","https://www.designveloper.com/blog/top-agentic-ai-companies/"
"gen-1756755152-p24CW2OELojnXHdw2kZH","https://www.jaggaer.com/blog/agentic-ai-strategic-procurement-beyond-automation"
"gen-1756755152-p24CW2OELojnXHdw2kZH","https://indatalabs.com/blog/top-ai-consulting-firms"
"gen-1756755152-p24CW2OELojnXHdw2kZH","https://rsmus.com/services/digital-transformation/artificial-intelligence/agentic-ai.html"
"gen-1756755152-p24CW2OELojnXHdw2kZH","https://kanerika.com/blogs/generative-ai-consulting/"
"gen-1756755160-VChXaQU9AVnRDIuS9Ie9","https://binariks.com/blog/top-ai-consulting-firms/"
"gen-1756755160-VChXaQU9AVnRDIuS9Ie9","https://scopicsoftware.com/blog/top-ai-consulting-companies/"
"gen-1756755160-VChXaQU9AVnRDIuS9Ie9","https://growthrocks.com/blog/ai-consulting-companies/"
"gen-1756755160-VChXaQU9AVnRDIuS9Ie9","https://www.sganalytics.com/blog/10-top-ai-consulting-companies/"
"gen-1756755160-VChXaQU9AVnRDIuS9Ie9","https://www.miquido.com/blog/top-ai-consulting-companies/"
"gen-1756755169-RPYM5qOGgEhiEFvoNTSr","https://rtslabs.com/comparing-top-ai-consulting-services"
"gen-1756755169-RPYM5qOGgEhiEFvoNTSr","https://www.sganalytics.com/blog/10-top-ai-consulting-companies/"
"gen-1756755169-RPYM5qOGgEhiEFvoNTSr","https://www.superside.com/blog/ai-consulting-companies"
"gen-1756755169-RPYM5qOGgEhiEFvoNTSr","https://www.designveloper.com/blog/top-agentic-ai-companies/"
"gen-1756755169-RPYM5qOGgEhiEFvoNTSr","https://aimagazine.com/top10/top-10-global-ai-consulting-firms"
"gen-1756755177-SdyMB1RG2vDL7t7uOGkW","https://agathon.ai/insights/top-ai-consulting-companies-for-2025:-the-rise-of-boutique-technical-excellence"
"gen-1756755177-SdyMB1RG2vDL7t7uOGkW","https://www.miquido.com/blog/top-ai-consulting-companies/"
"gen-1756755177-SdyMB1RG2vDL7t7uOGkW","https://www.superside.com/blog/ai-consulting-companies"
"gen-1756755177-SdyMB1RG2vDL7t7uOGkW","https://botscrew.com/blog/top-ai-consulting-firms/"
"gen-1756755177-SdyMB1RG2vDL7t7uOGkW","https://aimagazine.com/top10/top-10-global-ai-consulting-firms"
"gen-1756755184-DTI3ZkgZgMaUAPtCXsmy","https://indatalabs.com/blog/top-ai-consulting-firms"
"gen-1756755184-DTI3ZkgZgMaUAPtCXsmy","https://www.miquido.com/blog/top-ai-consulting-companies/"
"gen-1756755184-DTI3ZkgZgMaUAPtCXsmy","https://rtslabs.com/comparing-top-ai-consulting-services"
"gen-1756755184-DTI3ZkgZgMaUAPtCXsmy","https://www.ptolemay.com/post/top-ai-consulting-firms-transforming-businesses-into-industry-leaders"
"gen-1756755184-DTI3ZkgZgMaUAPtCXsmy","https://www.superside.com/blog/ai-consulting-companies"
"gen-1756755197-132ZUXyyJcveWToZ2sL7","https://indatalabs.com/blog/top-ai-consulting-firms"
"gen-1756755197-132ZUXyyJcveWToZ2sL7","https://rtslabs.com/comparing-top-ai-consulting-services"
"gen-1756755197-132ZUXyyJcveWToZ2sL7","https://www.superside.com/blog/ai-consulting-companies"
"gen-1756755197-132ZUXyyJcveWToZ2sL7","https://aimagazine.com/top10/top-10-global-ai-consulting-firms"
"gen-1756755197-132ZUXyyJcveWToZ2sL7","https://www.theconsultingreport.com/the-top-consulting-firms-of-2025/"
"gen-1756755205-ncLgX8PaeuGspDYtBJrp","https://indatalabs.com/blog/top-ai-consulting-firms"
"gen-1756755205-ncLgX8PaeuGspDYtBJrp","https://www.sganalytics.com/blog/10-top-ai-consulting-companies/"
"gen-1756755205-ncLgX8PaeuGspDYtBJrp","https://www.growexx.com/blog/top-ai-consulting-companies/"
"gen-1756755205-ncLgX8PaeuGspDYtBJrp","https://scopicsoftware.com/blog/top-ai-consulting-companies/"
"gen-1756755205-ncLgX8PaeuGspDYtBJrp","https://aimagazine.com/top10/top-10-global-ai-consulting-firms"
"gen-1756755214-i0g4NeKQYM5DcWyOWHEA","https://wiserbrand.com/best-ai-consulting-companies/"
"gen-1756755214-i0g4NeKQYM5DcWyOWHEA","https://procurementmag.com/top10/top-10-companies-agentic-ai"
"gen-1756755214-i0g4NeKQYM5DcWyOWHEA","https://www.entrans.ai/blog/top-agentic-ai-development-companies"
"gen-1756755214-i0g4NeKQYM5DcWyOWHEA","https://www.accelirate.com/ai-agents-in-procurement/"
"gen-1756755214-i0g4NeKQYM5DcWyOWHEA","https://www.designveloper.com/blog/top-agentic-ai-companies/"
"gen-1756755227-LajZTLrfy7falY08r6fm","https://binariks.com/blog/top-ai-consulting-firms/"
"gen-1756755227-LajZTLrfy7falY08r6fm","https://www.entrans.ai/blog/top-agentic-ai-development-companies"
"gen-1756755227-LajZTLrfy7falY08r6fm","https://www.crn.com/news/ai/2025/10-hottest-agentic-ai-tools-and-agents-of-2025-so-far"
"gen-1756755227-LajZTLrfy7falY08r6fm","https://www.landbase.com/blog/agentic-ai-in-go-to-market-how-autonomous-ai-agents-drive-gtm-processes"
"gen-1756755227-LajZTLrfy7falY08r6fm","https://kanerika.com/blogs/generative-ai-consulting/"
"gen-1756755236-kfM2Ng7JmTnT6ZJqD8hk","https://indatalabs.com/blog/top-ai-consulting-firms"
"gen-1756755236-kfM2Ng7JmTnT6ZJqD8hk","https://www.jaggaer.com/blog/agentic-ai-strategic-procurement-beyond-automation"
"gen-1756755236-kfM2Ng7JmTnT6ZJqD8hk","https://rtslabs.com/comparing-top-ai-consulting-services"
"gen-1756755236-kfM2Ng7JmTnT6ZJqD8hk","https://rsmus.com/services/digital-transformation/artificial-intelligence/agentic-ai.html"
"gen-1756755236-kfM2Ng7JmTnT6ZJqD8hk","https://www.superside.com/blog/ai-consulting-companies"
"gen-1756755245-jA0tNOOZfq9KmEVy4CjM","https://binariks.com/blog/top-ai-consulting-firms/"
"gen-1756755245-jA0tNOOZfq9KmEVy4CjM","https://tech.us/services/agentic-ai-development"
"gen-1756755245-jA0tNOOZfq9KmEVy4CjM","https://www.gestisoft.com/en/blog/top-ai-consulting-firms"
"gen-1756755245-jA0tNOOZfq9KmEVy4CjM","https://www.quytech.com/agentic-ai-development-company.php"
"gen-1756755245-jA0tNOOZfq9KmEVy4CjM","https://wiserbrand.com/best-ai-consulting-companies/"
"gen-1756755255-83RNJBku3csoxqRj8Teq","https://www.boardofinnovation.com/blog/top-ai-consulting-firms-in-2025/"
"gen-1756755255-83RNJBku3csoxqRj8Teq","https://scopicsoftware.com/blog/top-ai-consulting-companies/"
"gen-1756755255-83RNJBku3csoxqRj8Teq","https://rtslabs.com/comparing-top-ai-consulting-services"
"gen-1756755255-83RNJBku3csoxqRj8Teq","https://www.designveloper.com/blog/top-agentic-ai-companies/"
"gen-1756755255-83RNJBku3csoxqRj8Teq","https://binariks.com/blog/top-ai-consulting-firms/"
"gen-1756755263-iWYQlk05Sc79MzjdF95C","https://www.boardofinnovation.com/blog/top-ai-consulting-firms-in-2025/"
"gen-1756755263-iWYQlk05Sc79MzjdF95C","https://scopicsoftware.com/blog/top-ai-consulting-companies/"
"gen-1756755263-iWYQlk05Sc79MzjdF95C","https://indatalabs.com/blog/top-ai-consulting-firms"
"gen-1756755263-iWYQlk05Sc79MzjdF95C","https://wiserbrand.com/best-ai-consulting-companies/"
"gen-1756755263-iWYQlk05Sc79MzjdF95C","https://www.growexx.com/blog/top-ai-consulting-companies/"
"gen-1756755271-CQi2V7rfT3C70CSAedvA","https://binariks.com/blog/top-ai-consulting-firms/"
"gen-1756755271-CQi2V7rfT3C70CSAedvA","https://www.biz4group.com/blog/build-agentic-ai"
"gen-1756755271-CQi2V7rfT3C70CSAedvA","https://indatalabs.com/blog/top-ai-consulting-firms"
"gen-1756755271-CQi2V7rfT3C70CSAedvA","https://www.jaggaer.com/blog/agentic-ai-strategic-procurement-beyond-automation"
"gen-1756755271-CQi2V7rfT3C70CSAedvA","https://aimagazine.com/top10/top-10-global-ai-consulting-firms"
"gen-1756755282-caByJNCZmFzp52eaaKlc","https://rtslabs.com/comparing-top-ai-consulting-services"
"gen-1756755282-caByJNCZmFzp52eaaKlc","https://www.superside.com/blog/ai-consulting-companies"
"gen-1756755282-caByJNCZmFzp52eaaKlc","https://aimagazine.com/top10/top-10-global-ai-consulting-firms"
"gen-1756755282-caByJNCZmFzp52eaaKlc","https://www.biz4group.com/blog/ai-consulting-companies-in-usa"
"gen-1756755282-caByJNCZmFzp52eaaKlc","https://www.theconsultingreport.com/the-top-25-artificial-intelligence-consultants-and-leaders-of-2025/"
"gen-1756755294-0laet2A56dzBuulDw0Sf","https://www.boardofinnovation.com/blog/top-ai-consulting-firms-in-2025/"
"gen-1756755294-0laet2A56dzBuulDw0Sf","https://binariks.com/blog/top-ai-consulting-firms/"
"gen-1756755294-0laet2A56dzBuulDw0Sf","https://rtslabs.com/comparing-top-ai-consulting-services"
"gen-1756755294-0laet2A56dzBuulDw0Sf","https://www.growexx.com/blog/criteria-for-selecting-ai-consulting-partner/"
"gen-1756755294-0laet2A56dzBuulDw0Sf","https://www.superside.com/blog/ai-consulting-companies"
"gen-1756755302-7Rs4erk0FFoO6PtAJVcm","https://growthrocks.com/blog/ai-consulting-companies/"
"gen-1756755302-7Rs4erk0FFoO6PtAJVcm","https://procurementmag.com/top10/top-10-companies-agentic-ai"
"gen-1756755302-7Rs4erk0FFoO6PtAJVcm","https://www.miquido.com/blog/top-ai-consulting-companies/"
"gen-1756755302-7Rs4erk0FFoO6PtAJVcm","https://www.jaggaer.com/blog/agentic-ai-strategic-procurement-beyond-automation"
"gen-1756755302-7Rs4erk0FFoO6PtAJVcm","https://www.superside.com/blog/ai-consulting-companies"
"gen-1756755308-G7A0ybxH2DDIBiKAV7ns","https://indatalabs.com/blog/top-ai-consulting-firms"
"gen-1756755308-G7A0ybxH2DDIBiKAV7ns","https://www.miquido.com/blog/top-ai-consulting-companies/"
"gen-1756755308-G7A0ybxH2DDIBiKAV7ns","https://www.growexx.com/blog/top-ai-consulting-companies/"
"gen-1756755308-G7A0ybxH2DDIBiKAV7ns","https://www.ventum-consulting.com/en/news/using-ai-successfully-in-the-company/"
"gen-1756755308-G7A0ybxH2DDIBiKAV7ns","https://www.superside.com/blog/ai-consulting-companies"
"gen-1756755315-n45IHiEcvxF4wWY7Lngh","https://indatalabs.com/blog/top-ai-consulting-firms"
"gen-1756755315-n45IHiEcvxF4wWY7Lngh","https://www.growexx.com/blog/top-ai-consulting-companies/"
"gen-1756755315-n45IHiEcvxF4wWY7Lngh","https://www.superside.com/blog/ai-consulting-companies"
"gen-1756755315-n45IHiEcvxF4wWY7Lngh","https://aimagazine.com/top10/top-10-global-ai-consulting-firms"
"gen-1756755315-n45IHiEcvxF4wWY7Lngh","https://www.theconsultingreport.com/the-top-25-artificial-intelligence-consultants-and-leaders-of-2025/"
"gen-1756755326-oT7gl7uJUvduRamIIe8B","https://www.boardofinnovation.com/blog/top-ai-consulting-firms-in-2025/"
"gen-1756755326-oT7gl7uJUvduRamIIe8B","https://www.designveloper.com/blog/top-agentic-ai-companies/"
"gen-1756755326-oT7gl7uJUvduRamIIe8B","https://indatalabs.com/blog/top-ai-consulting-firms"
"gen-1756755326-oT7gl7uJUvduRamIIe8B","https://www.youtube.com/watch?v=O5TVE2DTodw"
"gen-1756755326-oT7gl7uJUvduRamIIe8B","https://www.growexx.com/blog/top-ai-consulting-companies/"
"gen-1756755334-OiMurDoLvXtcWiAzbmNY","https://www.crn.com/news/ai/2025/10-hottest-agentic-ai-tools-and-agents-of-2025-so-far"
"gen-1756755334-OiMurDoLvXtcWiAzbmNY","https://www.jaggaer.com/blog/agentic-ai-in-procurement-complete-guide"
"gen-1756755334-OiMurDoLvXtcWiAzbmNY","https://binariks.com/blog/top-ai-consulting-firms/"
"gen-1756755334-OiMurDoLvXtcWiAzbmNY","https://procurementtactics.com/ai-agents-in-procurement/"
"gen-1756755334-OiMurDoLvXtcWiAzbmNY","https://www.superside.com/blog/ai-consulting-companies"
"gen-1756755345-KRZZZG9HGUmzk8kMsuIt","https://www.boardofinnovation.com/blog/top-ai-consulting-firms-in-2025/"
"gen-1756755345-KRZZZG9HGUmzk8kMsuIt","https://webisoft.com/articles/top-ai-consulting-companies/"
"gen-1756755345-KRZZZG9HGUmzk8kMsuIt","https://binariks.com/blog/top-ai-consulting-firms/"
"gen-1756755345-KRZZZG9HGUmzk8kMsuIt","https://www.singlestoneconsulting.com/blog/10-best-ai-strategy-consulting-services-in-2025"
"gen-1756755345-KRZZZG9HGUmzk8kMsuIt","https://growthrocks.com/blog/ai-consulting-companies/"
"gen-1756755357-ImeeX6aidtCSlsTpiV69","https://www.boardofinnovation.com/blog/top-ai-consulting-firms-in-2025/"
"gen-1756755357-ImeeX6aidtCSlsTpiV69","https://scopicsoftware.com/blog/top-ai-consulting-companies/"
"gen-1756755357-ImeeX6aidtCSlsTpiV69","https://indatalabs.com/blog/top-ai-consulting-firms"
"gen-1756755357-ImeeX6aidtCSlsTpiV69","https://rtslabs.com/how-to-choose-the-right-ai-consulting-firm"
"gen-1756755357-ImeeX6aidtCSlsTpiV69","https://www.growexx.com/blog/top-ai-consulting-companies/"
"gen-1756755365-rKFSmLNDzVCkajnfUo1c","https://www.accelirate.com/agentic-ai-consulting/"
"gen-1756755365-rKFSmLNDzVCkajnfUo1c","https://www.jaggaer.com/blog/agentic-ai-procurement-why-it-matters"
"gen-1756755365-rKFSmLNDzVCkajnfUo1c","https://greatminds.consulting/capabilities/data-ai/agentic-ai/"
"gen-1756755365-rKFSmLNDzVCkajnfUo1c","https://artofprocurement.com/blog/ai-agents-in-procurement"
"gen-1756755365-rKFSmLNDzVCkajnfUo1c","https://www.deloitte.com/in/en/services/consulting/services/engineering-ai-data/agentic-ai.html"
"gen-1756755375-wwjVecmUeamvB2otl2ZY","https://rtslabs.com/comparing-top-ai-consulting-services"
"gen-1756755375-wwjVecmUeamvB2otl2ZY","https://www.superside.com/blog/ai-consulting-companies"
"gen-1756755375-wwjVecmUeamvB2otl2ZY","https://aimagazine.com/top10/top-10-global-ai-consulting-firms"
"gen-1756755375-wwjVecmUeamvB2otl2ZY","https://www.biz4group.com/blog/ai-consulting-companies-in-usa"
"gen-1756755375-wwjVecmUeamvB2otl2ZY","https://www.theconsultingreport.com/the-top-25-artificial-intelligence-consultants-and-leaders-of-2025/"
"gen-1756755382-bUXxFS8O4mA6hniPlIlK","https://www.boardofinnovation.com/blog/top-ai-consulting-firms-in-2025/"
"gen-1756755382-bUXxFS8O4mA6hniPlIlK","https://jake-jorgovan.com/blog/ai-consulting-firms"
"gen-1756755382-bUXxFS8O4mA6hniPlIlK","https://indatalabs.com/blog/top-ai-consulting-firms"
"gen-1756755382-bUXxFS8O4mA6hniPlIlK","https://www.entrans.ai/blog/top-agentic-ai-development-companies"
"gen-1756755382-bUXxFS8O4mA6hniPlIlK","https://aimagazine.com/top10/top-10-global-ai-consulting-firms"
"gen-1756755395-okUiJ12dfkRniVtZH64p","https://www.boardofinnovation.com/blog/top-ai-consulting-firms-in-2025/"
"gen-1756755395-okUiJ12dfkRniVtZH64p","https://procurementmag.com/top10/top-10-companies-agentic-ai"
"gen-1756755395-okUiJ12dfkRniVtZH64p","https://agathon.ai/insights/top-ai-consulting-companies-for-2025:-the-rise-of-boutique-technical-excellence"
"gen-1756755395-okUiJ12dfkRniVtZH64p","https://www.entrans.ai/blog/top-agentic-ai-development-companies"
"gen-1756755395-okUiJ12dfkRniVtZH64p","https://www.designveloper.com/blog/top-agentic-ai-companies/"
"gen-1756755402-ZEPlaBm1Z6UriS6i2Pxr","https://binariks.com/blog/top-ai-consulting-firms/"
"gen-1756755402-ZEPlaBm1Z6UriS6i2Pxr","https://www.entrans.ai/blog/top-agentic-ai-development-companies"
"gen-1756755402-ZEPlaBm1Z6UriS6i2Pxr","https://www.singlestoneconsulting.com/blog/10-best-ai-strategy-consulting-services-in-2025"
"gen-1756755402-ZEPlaBm1Z6UriS6i2Pxr","https://www.alphaapexgroup.com/blog/ai-executive-search-firms-recruiters"
"gen-1756755402-ZEPlaBm1Z6UriS6i2Pxr","https://rtslabs.com/top-machine-learning-consulting-companies"
"gen-1756755408-TIUd2B0jLd2UD61qKBEw","https://rtslabs.com/comparing-top-ai-consulting-services"
"gen-1756755408-TIUd2B0jLd2UD61qKBEw","https://www.superside.com/blog/ai-consulting-companies"
"gen-1756755408-TIUd2B0jLd2UD61qKBEw","https://aimagazine.com/top10/top-10-global-ai-consulting-firms"
"gen-1756755408-TIUd2B0jLd2UD61qKBEw","https://www.theconsultingreport.com/the-top-25-artificial-intelligence-consultants-and-leaders-of-2025/"
"gen-1756755408-TIUd2B0jLd2UD61qKBEw","https://www.biz4group.com/blog/ai-consulting-companies-in-usa"
"gen-1756755418-MUM5bKuUso5cYlDl3uvZ","https://indatalabs.com/blog/top-ai-consulting-firms"
"gen-1756755418-MUM5bKuUso5cYlDl3uvZ","https://www.gestisoft.com/en/blog/top-ai-consulting-firms"
"gen-1756755418-MUM5bKuUso5cYlDl3uvZ","https://www.growexx.com/blog/top-ai-consulting-companies/"
"gen-1756755418-MUM5bKuUso5cYlDl3uvZ","https://experionglobal.com/agentic-ai-solutions/"
"gen-1756755418-MUM5bKuUso5cYlDl3uvZ","https://aimagazine.com/top10/top-10-global-ai-consulting-firms"
"gen-1756755425-D2bJwAsLZwtKyatajIuq","https://www.designveloper.com/blog/top-agentic-ai-companies/"
"gen-1756755425-D2bJwAsLZwtKyatajIuq","https://procurementmag.com/top10/top-10-companies-agentic-ai"
"gen-1756755425-D2bJwAsLZwtKyatajIuq","https://www.crn.com/news/ai/2025/10-hottest-agentic-ai-tools-and-agents-of-2025-so-far"
"gen-1756755425-D2bJwAsLZwtKyatajIuq","https://supplychaindigital.com/technology/top-10-companies-agentic-ai"
"gen-1756755425-D2bJwAsLZwtKyatajIuq","https://binariks.com/blog/top-ai-consulting-firms/"
"gen-1756755434-D0rzq2oos2t5eTe35V9P","https://www.boardofinnovation.com/blog/top-ai-consulting-firms-in-2025/"
"gen-1756755434-D0rzq2oos2t5eTe35V9P","https://highpeaksw.com/blog/agentic-ai-sellers-explore-the-top-10-agentic-ai-vendors/"
"gen-1756755434-D0rzq2oos2t5eTe35V9P","https://binariks.com/blog/top-ai-consulting-firms/"
"gen-1756755434-D0rzq2oos2t5eTe35V9P","https://www.evalueserve.com/agentic-ai/"
"gen-1756755434-D0rzq2oos2t5eTe35V9P","https://growthrocks.com/blog/ai-consulting-companies/"
"gen-1756755445-Zjse2p5VyYu9uKz8DEkB","https://www.boardofinnovation.com/blog/top-ai-consulting-firms-in-2025/"
"gen-1756755445-Zjse2p5VyYu9uKz8DEkB","https://indatalabs.com/blog/top-ai-consulting-firms"
"gen-1756755445-Zjse2p5VyYu9uKz8DEkB","https://rtslabs.com/comparing-top-ai-consulting-services"
"gen-1756755445-Zjse2p5VyYu9uKz8DEkB","https://www.superside.com/blog/ai-consulting-companies"
"gen-1756755445-Zjse2p5VyYu9uKz8DEkB","https://aimagazine.com/top10/top-10-global-ai-consulting-firms"
"gen-1756755453-PABevIwjfxC4n7IJRJMo","https://wiserbrand.com/best-ai-consulting-companies/"
"gen-1756755453-PABevIwjfxC4n7IJRJMo","https://artofprocurement.com/blog/ai-agents-in-procurement"
"gen-1756755453-PABevIwjfxC4n7IJRJMo","https://aimagazine.com/top10/top-10-ai-consulting-companies"
"gen-1756755453-PABevIwjfxC4n7IJRJMo","https://www.sphereinc.com/blogs/agentic-ai-for-enterprise-transformation/"
"gen-1756755453-PABevIwjfxC4n7IJRJMo","https://binariks.com/blog/top-ai-consulting-firms/"
"gen-1756755467-LwwjbyvggFFDJqOsLSar","https://www.boardofinnovation.com/blog/top-ai-consulting-firms-in-2025/"
"gen-1756755467-LwwjbyvggFFDJqOsLSar","https://indatalabs.com/blog/top-ai-consulting-firms"
"gen-1756755467-LwwjbyvggFFDJqOsLSar","https://rtslabs.com/comparing-top-ai-consulting-services"
"gen-1756755467-LwwjbyvggFFDJqOsLSar","https://www.superside.com/blog/ai-consulting-companies"
"gen-1756755467-LwwjbyvggFFDJqOsLSar","https://aimagazine.com/top10/top-10-global-ai-consulting-firms"
"gen-1756755478-orZEg1BX9f6LIYdCf2m3","https://www.boardofinnovation.com/blog/top-ai-consulting-firms-in-2025/"
"gen-1756755478-orZEg1BX9f6LIYdCf2m3","https://procurementmag.com/top10/top-10-companies-agentic-ai"
"gen-1756755478-orZEg1BX9f6LIYdCf2m3","https://webisoft.com/articles/top-ai-consulting-companies/"
"gen-1756755478-orZEg1BX9f6LIYdCf2m3","https://rsmus.com/services/digital-transformation/artificial-intelligence/agentic-ai.html"
"gen-1756755478-orZEg1BX9f6LIYdCf2m3","https://www.singlestoneconsulting.com/blog/10-best-ai-strategy-consulting-services-in-2025"
"gen-1756755484-Gaz5BxqL6um9PE1WqZ9I","https://rtslabs.com/comparing-top-ai-consulting-services"
"gen-1756755484-Gaz5BxqL6um9PE1WqZ9I","https://www.superside.com/blog/ai-consulting-companies"
"gen-1756755484-Gaz5BxqL6um9PE1WqZ9I","https://aimagazine.com/top10/top-10-global-ai-consulting-firms"
"gen-1756755484-Gaz5BxqL6um9PE1WqZ9I","https://www.theconsultingreport.com/the-top-25-artificial-intelligence-consultants-and-leaders-of-2025/"
"gen-1756755484-Gaz5BxqL6um9PE1WqZ9I","https://www.biz4group.com/blog/ai-consulting-companies-in-usa"
"gen-1756755499-32cC7AwjSnbikuAkldgf","https://www.boardofinnovation.com/blog/top-ai-consulting-firms-in-2025/"
"gen-1756755499-32cC7AwjSnbikuAkldgf","https://indatalabs.com/blog/top-ai-consulting-firms"
"gen-1756755499-32cC7AwjSnbikuAkldgf","https://www.growexx.com/blog/top-ai-consulting-companies/"
"gen-1756755499-32cC7AwjSnbikuAkldgf","https://www.superside.com/blog/ai-consulting-companies"
"gen-1756755499-32cC7AwjSnbikuAkldgf","https://aimagazine.com/top10/top-10-global-ai-consulting-firms"
"gen-1756755508-EGoN3XFCRysqUMT6rHSR","https://rtslabs.com/comparing-top-ai-consulting-services"
"gen-1756755508-EGoN3XFCRysqUMT6rHSR","https://www.superside.com/blog/ai-consulting-companies"
"gen-1756755508-EGoN3XFCRysqUMT6rHSR","https://aimagazine.com/top10/top-10-global-ai-consulting-firms"
"gen-1756755508-EGoN3XFCRysqUMT6rHSR","https://www.biz4group.com/blog/ai-consulting-companies-in-usa"
"gen-1756755508-EGoN3XFCRysqUMT6rHSR","https://www.theconsultingreport.com/the-top-25-artificial-intelligence-consultants-and-leaders-of-2025/"
"gen-1756755520-yLXaAOXyIdlOMSg17QGt","https://rtslabs.com/comparing-top-ai-consulting-services"
"gen-1756755520-yLXaAOXyIdlOMSg17QGt","https://botscrew.com/blog/top-ai-consulting-firms/"
"gen-1756755520-yLXaAOXyIdlOMSg17QGt","https://www.superside.com/blog/ai-consulting-companies"
"gen-1756755520-yLXaAOXyIdlOMSg17QGt","https://www.miquido.com/blog/top-ai-consulting-companies/"
"gen-1756755520-yLXaAOXyIdlOMSg17QGt","https://aimagazine.com/top10/top-10-global-ai-consulting-firms"
"gen-1756755527-8omTnlAPMClJLabFFNag","https://www.boardofinnovation.com/blog/top-ai-consulting-firms-in-2025/"
"gen-1756755527-8omTnlAPMClJLabFFNag","https://rtslabs.com/guide-to-ai-consulting-firms"
"gen-1756755527-8omTnlAPMClJLabFFNag","https://rtslabs.com/comparing-top-ai-consulting-services"
"gen-1756755527-8omTnlAPMClJLabFFNag","https://www.quinnox.com/blogs/choose-right-ai-consulting-firm/"
"gen-1756755527-8omTnlAPMClJLabFFNag","https://www.superside.com/blog/ai-consulting-companies"
"gen-1756755533-bE8H8OifyLGZxCPzvWJK","https://aimagazine.com/top10/top-10-global-ai-consulting-firms"
"gen-1756755533-bE8H8OifyLGZxCPzvWJK","https://techvify.com/artificial-intelligence-ai-consulting-firms/"
"gen-1756755533-bE8H8OifyLGZxCPzvWJK","https://www.superside.com/blog/ai-consulting-companies"
"gen-1756755533-bE8H8OifyLGZxCPzvWJK","https://advansappz.com/top-ai-consulting-firms-in-the-us/"
"gen-1756755533-bE8H8OifyLGZxCPzvWJK","https://kanerika.com/blogs/generative-ai-consulting/"
"gen-1756755541-7Xpk0s1UcBpRr9kU0mm4","https://procurementmag.com/top10/top-10-procurement-consulting-firms"
"gen-1756755541-7Xpk0s1UcBpRr9kU0mm4","https://www.growexx.com/blog/top-ai-consulting-companies/"
"gen-1756755541-7Xpk0s1UcBpRr9kU0mm4","https://kanerika.com/blogs/generative-ai-consulting/"
"gen-1756755541-7Xpk0s1UcBpRr9kU0mm4","https://www.miquido.com/blog/top-ai-consulting-companies/"
"gen-1756755541-7Xpk0s1UcBpRr9kU0mm4","https://www.thehackettgroup.com/gen-ai-consulting/"
"gen-1756755550-v7ULxtjtyx3kgo47J5AB","https://www.designveloper.com/blog/top-agentic-ai-companies/"
"gen-1756755550-v7ULxtjtyx3kgo47J5AB","https://www.entrans.ai/blog/top-agentic-ai-development-companies"
"gen-1756755550-v7ULxtjtyx3kgo47J5AB","https://www.crn.com/news/ai/2025/10-hottest-agentic-ai-tools-and-agents-of-2025-so-far"
"gen-1756755550-v7ULxtjtyx3kgo47J5AB","https://rsmus.com/services/digital-transformation/artificial-intelligence/agentic-ai.html"
"gen-1756755550-v7ULxtjtyx3kgo47J5AB","https://binariks.com/blog/top-ai-consulting-firms/"
"gen-1756755559-xPq95tLQiwqdTdNjTDVP","https://www.gestisoft.com/en/blog/top-ai-consulting-firms"
"gen-1756755559-xPq95tLQiwqdTdNjTDVP","https://www.akira.ai/ai-agents/procurement-specialist-ai-agent"
"gen-1756755559-xPq95tLQiwqdTdNjTDVP","https://insigniam.com/forbes-best-consulting-firms-2025/"
"gen-1756755559-xPq95tLQiwqdTdNjTDVP","https://www.designveloper.com/blog/top-agentic-ai-companies/"
"gen-1756755559-xPq95tLQiwqdTdNjTDVP","https://rtslabs.com/ai-conulting-company-in-usa/"
"gen-1756755567-Ac6cXVtfz8QsWoNYv7EO","https://www.boardofinnovation.com/blog/top-ai-consulting-firms-in-2025/"
"gen-1756755567-Ac6cXVtfz8QsWoNYv7EO","https://agathon.ai/insights/top-ai-consulting-companies-for-2025:-the-rise-of-boutique-technical-excellence"
"gen-1756755567-Ac6cXVtfz8QsWoNYv7EO","https://www.designveloper.com/blog/top-agentic-ai-companies/"
"gen-1756755567-Ac6cXVtfz8QsWoNYv7EO","https://www.superside.com/blog/ai-consulting-companies"
"gen-1756755567-Ac6cXVtfz8QsWoNYv7EO","https://kanerika.com/blogs/generative-ai-consulting/"
"gen-1756755573-uUoTbiaQcHaMF2Ce9suT","https://rtslabs.com/comparing-top-ai-consulting-services"
"gen-1756755573-uUoTbiaQcHaMF2Ce9suT","https://www.entrans.ai/blog/top-agentic-ai-development-companies"
"gen-1756755573-uUoTbiaQcHaMF2Ce9suT","https://www.superside.com/blog/ai-consulting-companies"
"gen-1756755573-uUoTbiaQcHaMF2Ce9suT","https://www.altamira.ai/blog/best-ai-agent-development-companies/"
"gen-1756755573-uUoTbiaQcHaMF2Ce9suT","https://aimagazine.com/top10/top-10-global-ai-consulting-firms"
"gen-1756755585-qfvSglFDzPON3Lpfz18C","https://rtslabs.com/comparing-top-ai-consulting-services"
"gen-1756755585-qfvSglFDzPON3Lpfz18C","https://www.superside.com/blog/ai-consulting-companies"
"gen-1756755585-qfvSglFDzPON3Lpfz18C","https://aimagazine.com/top10/top-10-global-ai-consulting-firms"
"gen-1756755585-qfvSglFDzPON3Lpfz18C","https://www.biz4group.com/blog/ai-consulting-companies-in-usa"
"gen-1756755585-qfvSglFDzPON3Lpfz18C","https://www.theconsultingreport.com/the-top-25-artificial-intelligence-consultants-and-leaders-of-2025/"
"gen-1756755593-uxbxJoDN65PHM0GF7wYV","https://www.designveloper.com/blog/top-agentic-ai-companies/"
"gen-1756755593-uxbxJoDN65PHM0GF7wYV","https://procurementmag.com/top10/top-10-companies-agentic-ai"
"gen-1756755593-uxbxJoDN65PHM0GF7wYV","https://www.altamira.ai/blog/best-ai-agent-development-companies/"
"gen-1756755593-uxbxJoDN65PHM0GF7wYV","https://www.rapidinnovation.io/post/top-7-ai-agent-development-companies"
"gen-1756755593-uxbxJoDN65PHM0GF7wYV","https://www.crn.com/news/ai/2025/10-hottest-agentic-ai-tools-and-agents-of-2025-so-far"
"gen-1756755603-eY6TMkA4LLWyHsGYHWwF","https://greatminds.consulting/capabilities/data-ai/agentic-ai/"
"gen-1756755603-eY6TMkA4LLWyHsGYHWwF","https://procurementmag.com/top10/top-10-companies-agentic-ai"
"gen-1756755603-eY6TMkA4LLWyHsGYHWwF","https://www.accelirate.com/agentic-ai-consulting/"
"gen-1756755603-eY6TMkA4LLWyHsGYHWwF","https://supplychaindigital.com/technology/top-10-companies-agentic-ai"
"gen-1756755603-eY6TMkA4LLWyHsGYHWwF","https://www.entrans.ai/blog/top-agentic-ai-development-companies"
"gen-1756755614-0HUuSuxlalrULSNMji7K","https://binariks.com/blog/top-ai-consulting-firms/"
"gen-1756755614-0HUuSuxlalrULSNMji7K","https://www.accelirate.com/ai-agents-in-procurement/"
"gen-1756755614-0HUuSuxlalrULSNMji7K","https://www.singlestoneconsulting.com/blog/10-best-ai-strategy-consulting-services-in-2025"
"gen-1756755614-0HUuSuxlalrULSNMji7K","https://artofprocurement.com/blog/ai-agents-in-procurement"
"gen-1756755614-0HUuSuxlalrULSNMji7K","https://growthrocks.com/blog/ai-consulting-companies/"
"gen-1756755622-r36fT1Cc1ZXQ0cs30kZ4","https://rtslabs.com/comparing-top-ai-consulting-services"
"gen-1756755622-r36fT1Cc1ZXQ0cs30kZ4","https://binariks.com/blog/top-ai-consulting-firms/"
"gen-1756755622-r36fT1Cc1ZXQ0cs30kZ4","https://www.superside.com/blog/ai-consulting-companies"
"gen-1756755622-r36fT1Cc1ZXQ0cs30kZ4","https://www.bitcot.com/top-ai-consulting-companies/"
"gen-1756755622-r36fT1Cc1ZXQ0cs30kZ4","https://aimagazine.com/top10/top-10-global-ai-consulting-firms"
"gen-1756755637-DgpyOBR6TgD2YOj40a1V","https://indatalabs.com/blog/top-ai-consulting-firms"
"gen-1756755637-DgpyOBR6TgD2YOj40a1V","https://procurementmag.com/top10/top-10-companies-agentic-ai"
"gen-1756755637-DgpyOBR6TgD2YOj40a1V","https://rtslabs.com/comparing-top-ai-consulting-services"
"gen-1756755637-DgpyOBR6TgD2YOj40a1V","https://www.akira.ai/ai-agents/procurement-specialist-ai-agent"
"gen-1756755637-DgpyOBR6TgD2YOj40a1V","https://aimagazine.com/top10/top-10-global-ai-consulting-firms"
"gen-1756755649-RCKvCQkpaGU36kKYS28W","https://webisoft.com/articles/top-ai-consulting-companies/"
"gen-1756755649-RCKvCQkpaGU36kKYS28W","https://procurementmag.com/top10/top-10-companies-agentic-ai"
"gen-1756755649-RCKvCQkpaGU36kKYS28W","https://binariks.com/blog/top-ai-consulting-firms/"
"gen-1756755649-RCKvCQkpaGU36kKYS28W","https://www.teneo.ai/blog/5-companies-leading-the-way-in-ai-agent-technology"
"gen-1756755649-RCKvCQkpaGU36kKYS28W","https://www.theconsultingreport.com/the-top-25-artificial-intelligence-consultants-and-leaders-of-2025/"
"gen-1756755656-7gFQI1cnVa3NNMDmGRLA","https://www.designveloper.com/blog/top-agentic-ai-companies/"
"gen-1756755656-7gFQI1cnVa3NNMDmGRLA","https://indatalabs.com/blog/top-ai-consulting-firms"
"gen-1756755656-7gFQI1cnVa3NNMDmGRLA","https://kanerika.com/blogs/generative-ai-consulting/"
"gen-1756755656-7gFQI1cnVa3NNMDmGRLA","https://www.multimodal.dev/post/36-top-agentic-ai-vendors-in-2024"
"gen-1756755656-7gFQI1cnVa3NNMDmGRLA","https://sendbird.com/blog/agentic-ai-companies"
"gen-1756755664-60E2RidveZKERDIvs1ML","https://indatalabs.com/blog/top-ai-consulting-firms"
"gen-1756755664-60E2RidveZKERDIvs1ML","https://rtslabs.com/comparing-top-ai-consulting-services"
"gen-1756755664-60E2RidveZKERDIvs1ML","https://www.superside.com/blog/ai-consulting-companies"
"gen-1756755664-60E2RidveZKERDIvs1ML","https://aimagazine.com/top10/top-10-global-ai-consulting-firms"
"gen-1756755664-60E2RidveZKERDIvs1ML","https://www.theconsultingreport.com/the-top-consulting-firms-of-2025/"
"gen-1756755675-rdv3tZCOoeZNQMB0tTqa","https://www.boardofinnovation.com/blog/top-ai-consulting-firms-in-2025/"
"gen-1756755675-rdv3tZCOoeZNQMB0tTqa","https://www.altamira.ai/blog/best-ai-agent-development-companies/"
"gen-1756755675-rdv3tZCOoeZNQMB0tTqa","https://webisoft.com/articles/top-ai-consulting-companies/"
"gen-1756755675-rdv3tZCOoeZNQMB0tTqa","https://www.coveo.com/blog/agentic-ai/"
"gen-1756755675-rdv3tZCOoeZNQMB0tTqa","https://binariks.com/blog/top-ai-consulting-firms/"
"gen-1756755684-yjmm3lg72wofU9KQXbFn","https://indatalabs.com/blog/top-ai-consulting-firms"
"gen-1756755684-yjmm3lg72wofU9KQXbFn","https://www.jaggaer.com/blog/agentic-ai-strategic-procurement-beyond-automation"
"gen-1756755684-yjmm3lg72wofU9KQXbFn","https://www.growexx.com/blog/top-ai-consulting-companies/"
"gen-1756755684-yjmm3lg72wofU9KQXbFn","https://www.akira.ai/ai-agents/procurement-specialist-ai-agent"
"gen-1756755684-yjmm3lg72wofU9KQXbFn","https://aimagazine.com/top10/top-10-global-ai-consulting-firms"
"gen-1756755695-6bjONXMtGQZ1hJ8jQWJz","https://www.boardofinnovation.com/blog/top-ai-consulting-firms-in-2025/"
"gen-1756755695-6bjONXMtGQZ1hJ8jQWJz","https://binariks.com/blog/top-ai-consulting-firms/"
"gen-1756755695-6bjONXMtGQZ1hJ8jQWJz","https://growthrocks.com/blog/ai-consulting-companies/"
"gen-1756755695-6bjONXMtGQZ1hJ8jQWJz","https://www.miquido.com/blog/top-ai-consulting-companies/"
"gen-1756755695-6bjONXMtGQZ1hJ8jQWJz","https://www.superside.com/blog/ai-consulting-companies"
"gen-1756755701-516kBltZyu66pyVGElOH","https://indatalabs.com/blog/top-ai-consulting-firms"
"gen-1756755701-516kBltZyu66pyVGElOH","https://www.gestisoft.com/en/blog/top-ai-consulting-firms"
"gen-1756755701-516kBltZyu66pyVGElOH","https://binariks.com/blog/top-ai-consulting-firms/"
"gen-1756755701-516kBltZyu66pyVGElOH","https://www.superside.com/blog/ai-consulting-companies"
"gen-1756755701-516kBltZyu66pyVGElOH","https://digiscorp.com/best-ai-consulting-firms-in-seattle-top-10-ai-experts-for-your-business/"
"gen-1756755709-MEouEdwdidOoNNN6HbYj","https://www.designveloper.com/blog/top-agentic-ai-companies/"
"gen-1756755709-MEouEdwdidOoNNN6HbYj","https://www.entrans.ai/blog/top-agentic-ai-development-companies"
"gen-1756755709-MEouEdwdidOoNNN6HbYj","https://www.crn.com/news/ai/2025/10-hottest-agentic-ai-tools-and-agents-of-2025-so-far"
"gen-1756755709-MEouEdwdidOoNNN6HbYj","https://rsmus.com/services/digital-transformation/artificial-intelligence/agentic-ai.html"
"gen-1756755709-MEouEdwdidOoNNN6HbYj","https://binariks.com/blog/top-ai-consulting-firms/"
"gen-1756755715-3XTFbvcsU3foiIeU5Nlv","https://www.boardofinnovation.com/blog/top-ai-consulting-firms-in-2025/"
"gen-1756755715-3XTFbvcsU3foiIeU5Nlv","https://procurementmag.com/top10/top-10-companies-agentic-ai"
"gen-1756755715-3XTFbvcsU3foiIeU5Nlv","https://rtslabs.com/comparing-top-ai-consulting-services"
"gen-1756755715-3XTFbvcsU3foiIeU5Nlv","https://www.gestisoft.com/en/blog/top-ai-consulting-firms"
"gen-1756755715-3XTFbvcsU3foiIeU5Nlv","https://www.superside.com/blog/ai-consulting-companies"
"gen-1756755724-H2TEKzgTN0fosL1vSpyI","https://www.boardofinnovation.com/blog/top-ai-consulting-firms-in-2025/"
"gen-1756755724-H2TEKzgTN0fosL1vSpyI","https://www.entrans.ai/blog/top-agentic-ai-development-companies"
"gen-1756755724-H2TEKzgTN0fosL1vSpyI","https://rtslabs.com/comparing-top-ai-consulting-services"
"gen-1756755724-H2TEKzgTN0fosL1vSpyI","https://www.designveloper.com/blog/top-agentic-ai-companies/"
"gen-1756755724-H2TEKzgTN0fosL1vSpyI","https://www.superside.com/blog/ai-consulting-companies"
"gen-1756755732-Fd38oN29AajEYNRpFdpg","https://indatalabs.com/blog/top-ai-consulting-firms"
"gen-1756755732-Fd38oN29AajEYNRpFdpg","https://www.growexx.com/blog/top-ai-consulting-companies/"
"gen-1756755732-Fd38oN29AajEYNRpFdpg","https://www.superside.com/blog/ai-consulting-companies"
"gen-1756755732-Fd38oN29AajEYNRpFdpg","https://aimagazine.com/top10/top-10-global-ai-consulting-firms"
"gen-1756755732-Fd38oN29AajEYNRpFdpg","https://www.theconsultingreport.com/the-top-25-artificial-intelligence-consultants-and-leaders-of-2025/"
"gen-1756755741-bRPxK8ZrZojAd4BmIw86","https://agathon.ai/insights/top-ai-consulting-companies-for-2025:-the-rise-of-boutique-technical-excellence"
"gen-1756755741-bRPxK8ZrZojAd4BmIw86","https://www.jaggaer.com/blog/agentic-ai-strategic-procurement-beyond-automation"
"gen-1756755741-bRPxK8ZrZojAd4BmIw86","https://wiserbrand.com/best-ai-consulting-companies/"
"gen-1756755741-bRPxK8ZrZojAd4BmIw86","https://www.designveloper.com/blog/top-agentic-ai-companies/"
"gen-1756755741-bRPxK8ZrZojAd4BmIw86","https://aimagazine.com/top10/top-10-global-ai-consulting-firms"
"gen-1756755754-mdrcwg5DSGBmkPTvlrDS","https://rtslabs.com/comparing-top-ai-consulting-services"
"gen-1756755754-mdrcwg5DSGBmkPTvlrDS","https://www.designveloper.com/blog/top-agentic-ai-companies/"
"gen-1756755754-mdrcwg5DSGBmkPTvlrDS","https://www.superside.com/blog/ai-consulting-companies"
"gen-1756755754-mdrcwg5DSGBmkPTvlrDS","https://www.entrans.ai/blog/top-agentic-ai-development-companies"
"gen-1756755754-mdrcwg5DSGBmkPTvlrDS","https://aimagazine.com/top10/top-10-global-ai-consulting-firms"
"gen-1756755764-JQUOgGSpynJEq1YpWKEY","https://www.boardofinnovation.com/blog/top-ai-consulting-firms-in-2025/"
"gen-1756755764-JQUOgGSpynJEq1YpWKEY","https://highpeaksw.com/blog/choose-the-best-ai-consulting-company-high-peak/"
"gen-1756755764-JQUOgGSpynJEq1YpWKEY","https://rtslabs.com/comparing-top-ai-consulting-services"
"gen-1756755764-JQUOgGSpynJEq1YpWKEY","https://scopicsoftware.com/blog/top-ai-consulting-companies/"
"gen-1756755764-JQUOgGSpynJEq1YpWKEY","https://www.superside.com/blog/ai-consulting-companies"
"gen-1756755773-H4uI2rIHmosY5Tblr1v0","https://indatalabs.com/blog/top-ai-consulting-firms"
"gen-1756755773-H4uI2rIHmosY5Tblr1v0","https://www.growexx.com/blog/top-ai-consulting-companies/"
"gen-1756755773-H4uI2rIHmosY5Tblr1v0","https://www.superside.com/blog/ai-consulting-companies"
"gen-1756755773-H4uI2rIHmosY5Tblr1v0","https://aimagazine.com/top10/top-10-global-ai-consulting-firms"
"gen-1756755773-H4uI2rIHmosY5Tblr1v0","https://www.theconsultingreport.com/the-top-consulting-firms-of-2025/"
"gen-1756755783-IYiP9kD6iSjw0Vietb7Y","https://rtslabs.com/comparing-top-ai-consulting-services"
"gen-1756755783-IYiP9kD6iSjw0Vietb7Y","https://rsmus.com/services/digital-transformation/artificial-intelligence/agentic-ai.html"
"gen-1756755783-IYiP9kD6iSjw0Vietb7Y","https://www.superside.com/blog/ai-consulting-companies"
"gen-1756755783-IYiP9kD6iSjw0Vietb7Y","https://theceoviews.com/agentic-ai-ushers-new-era-in-ai-consulting/"
"gen-1756755783-IYiP9kD6iSjw0Vietb7Y","https://aimagazine.com/top10/top-10-global-ai-consulting-firms"
"gen-1756755794-OwTRegvHdu30OCt8EgO9","https://indatalabs.com/blog/top-ai-consulting-firms"
"gen-1756755794-OwTRegvHdu30OCt8EgO9","https://www.prismetric.com/top-ai-agent-development-companies-in-the-usa/"
"gen-1756755794-OwTRegvHdu30OCt8EgO9","https://www.superside.com/blog/ai-consulting-companies"
"gen-1756755794-OwTRegvHdu30OCt8EgO9","https://gogloby.io/insights/best-ai-recruiting-companies/"
"gen-1756755794-OwTRegvHdu30OCt8EgO9","https://aimagazine.com/top10/top-10-global-ai-consulting-firms"
"gen-1756755800-k5bLeb0iq29Y9R5pY6Pv","https://www.designveloper.com/blog/top-agentic-ai-companies/"
"gen-1756755800-k5bLeb0iq29Y9R5pY6Pv","https://www.biz4group.com/blog/top-use-cases-of-agentic-ai"
"gen-1756755800-k5bLeb0iq29Y9R5pY6Pv","https://binariks.com/blog/top-ai-consulting-firms/"
"gen-1756755800-k5bLeb0iq29Y9R5pY6Pv","https://rsmus.com/services/digital-transformation/artificial-intelligence/agentic-ai.html"
"gen-1756755800-k5bLeb0iq29Y9R5pY6Pv","https://kanerika.com/blogs/generative-ai-consulting/"
"gen-1756755810-3OuSplROuL1VUL3gDX9h","https://rtslabs.com/comparing-top-ai-consulting-services"
"gen-1756755810-3OuSplROuL1VUL3gDX9h","https://sievo.com/blog/embracing-agentic-ai-in-procurement-bridging-the-data-to-action-gap"
"gen-1756755810-3OuSplROuL1VUL3gDX9h","https://www.superside.com/blog/ai-consulting-companies"
"gen-1756755810-3OuSplROuL1VUL3gDX9h","https://www.jaggaer.com/blog/agentic-ai-strategic-procurement-beyond-automation"
"gen-1756755810-3OuSplROuL1VUL3gDX9h","https://aimagazine.com/top10/top-10-global-ai-consulting-firms"
"gen-1756755818-WdOT3AzbtUe0hNk3E59o","https://www.boardofinnovation.com/blog/top-ai-consulting-firms-in-2025/"
"gen-1756755818-WdOT3AzbtUe0hNk3E59o","https://www.creolestudios.com/top-agentic-ai-vendors/"
"gen-1756755818-WdOT3AzbtUe0hNk3E59o","https://rtslabs.com/comparing-top-ai-consulting-services"
"gen-1756755818-WdOT3AzbtUe0hNk3E59o","https://www.entrans.ai/blog/top-agentic-ai-development-companies"
"gen-1756755818-WdOT3AzbtUe0hNk3E59o","https://www.superside.com/blog/ai-consulting-companies"
"gen-1756755828-zC4L0RWeKX61nnG4lTtJ","https://binariks.com/blog/top-ai-consulting-firms/"
"gen-1756755828-zC4L0RWeKX61nnG4lTtJ","https://aimagazine.com/top10/top-10-global-ai-consulting-firms"
"gen-1756755828-zC4L0RWeKX61nnG4lTtJ","https://www.superside.com/blog/ai-consulting-companies"
"gen-1756755828-zC4L0RWeKX61nnG4lTtJ","https://www.miquido.com/blog/top-ai-consulting-companies/"
"gen-1756755828-zC4L0RWeKX61nnG4lTtJ","https://kanerika.com/blogs/generative-ai-consulting/"
"gen-1756755836-vP83SEDGLPv0Da9rl4mf","https://www.designveloper.com/blog/top-agentic-ai-companies/"
"gen-1756755836-vP83SEDGLPv0Da9rl4mf","https://www.rapidinnovation.io/post/top-7-ai-agent-development-companies"
"gen-1756755836-vP83SEDGLPv0Da9rl4mf","https://www.growexx.com/blog/top-ai-consulting-companies/"
"gen-1756755836-vP83SEDGLPv0Da9rl4mf","https://deviniti.com/blog/enterprise-software/best-ai-agent-development-companies/"
"gen-1756755836-vP83SEDGLPv0Da9rl4mf","https://www.crn.com/news/ai/2025/10-hottest-agentic-ai-tools-and-agents-of-2025-so-far"
"gen-1756755845-YoRRkJgYJRlCHsfUuGXb","https://www.boardofinnovation.com/blog/top-ai-consulting-firms-in-2025/"
"gen-1756755845-YoRRkJgYJRlCHsfUuGXb","https://procurementmag.com/top10/top-10-companies-agentic-ai"
"gen-1756755845-YoRRkJgYJRlCHsfUuGXb","https://binariks.com/blog/top-ai-consulting-firms/"
"gen-1756755845-YoRRkJgYJRlCHsfUuGXb","https://suplari.com/blog/how-agentic-ai-revolutionizes-procurement-analytics/"
"gen-1756755845-YoRRkJgYJRlCHsfUuGXb","https://www.singlestoneconsulting.com/blog/10-best-ai-strategy-consulting-services-in-2025"
"gen-1756755856-rPnHW6WDp8i8LfLiGQaZ","https://www.boardofinnovation.com/blog/top-ai-consulting-firms-in-2025/"
"gen-1756755856-rPnHW6WDp8i8LfLiGQaZ","https://dedicatted.com/services/artificial-intelligence/agentic"
"gen-1756755856-rPnHW6WDp8i8LfLiGQaZ","https://rtslabs.com/comparing-top-ai-consulting-services"
"gen-1756755856-rPnHW6WDp8i8LfLiGQaZ","https://rsmus.com/services/digital-transformation/artificial-intelligence/agentic-ai.html"
"gen-1756755856-rPnHW6WDp8i8LfLiGQaZ","https://www.superside.com/blog/ai-consulting-companies"
"gen-1756755864-yrjOQllkRMLfNkwxng2c","https://www.boardofinnovation.com/blog/top-ai-consulting-firms-in-2025/"
"gen-1756755864-yrjOQllkRMLfNkwxng2c","https://agathon.ai/insights/top-ai-consulting-companies-for-2025:-the-rise-of-boutique-technical-excellence"
"gen-1756755864-yrjOQllkRMLfNkwxng2c","https://www.designveloper.com/blog/top-agentic-ai-companies/"
"gen-1756755864-yrjOQllkRMLfNkwxng2c","https://www.superside.com/blog/ai-consulting-companies"
"gen-1756755864-yrjOQllkRMLfNkwxng2c","https://kanerika.com/blogs/generative-ai-consulting/"
"gen-1756755874-erZijT0qlWtJa5dVyM6D","https://indatalabs.com/blog/top-ai-consulting-firms"
"gen-1756755874-erZijT0qlWtJa5dVyM6D","https://www.growexx.com/blog/top-ai-consulting-companies/"
"gen-1756755874-erZijT0qlWtJa5dVyM6D","https://www.superside.com/blog/ai-consulting-companies"
"gen-1756755874-erZijT0qlWtJa5dVyM6D","https://aimagazine.com/top10/top-10-global-ai-consulting-firms"
"gen-1756755874-erZijT0qlWtJa5dVyM6D","https://www.theconsultingreport.com/the-top-consulting-firms-of-2025/"
"gen-1756755884-Wd9LOw2dNF2TP0NmoDyC","https://indatalabs.com/blog/top-ai-consulting-firms"
"gen-1756755884-Wd9LOw2dNF2TP0NmoDyC","https://www.altamira.ai/blog/best-ai-agent-development-companies/"
"gen-1756755884-Wd9LOw2dNF2TP0NmoDyC","https://rtslabs.com/comparing-top-ai-consulting-services"
"gen-1756755884-Wd9LOw2dNF2TP0NmoDyC","https://www.gestisoft.com/en/blog/top-ai-consulting-firms"
"gen-1756755884-Wd9LOw2dNF2TP0NmoDyC","https://www.superside.com/blog/ai-consulting-companies"
"gen-1756755894-MclvQXaT6TKfn7rawLju","https://indatalabs.com/blog/top-ai-consulting-firms"
"gen-1756755894-MclvQXaT6TKfn7rawLju","https://www.growexx.com/blog/top-ai-consulting-companies/"
"gen-1756755894-MclvQXaT6TKfn7rawLju","https://www.superside.com/blog/ai-consulting-companies"
"gen-1756755894-MclvQXaT6TKfn7rawLju","https://aimagazine.com/top10/top-10-global-ai-consulting-firms"
"gen-1756755894-MclvQXaT6TKfn7rawLju","https://www.theconsultingreport.com/the-top-25-artificial-intelligence-consultants-and-leaders-of-2025/"
"gen-1756755905-TQmY9aIcjKL78U54H7gd","https://www.boardofinnovation.com/blog/top-ai-consulting-firms-in-2025/"
"gen-1756755905-TQmY9aIcjKL78U54H7gd","https://www.accelirate.com/ai-agents-in-procurement/"
"gen-1756755905-TQmY9aIcjKL78U54H7gd","https://binariks.com/blog/top-ai-consulting-firms/"
"gen-1756755905-TQmY9aIcjKL78U54H7gd","https://scopicsoftware.com/blog/top-ai-consulting-companies/"
"gen-1756755905-TQmY9aIcjKL78U54H7gd","https://growthrocks.com/blog/ai-consulting-companies/"
"gen-1756755914-zaIfJ0keXLMh0WKsNe5k","https://binariks.com/blog/top-ai-consulting-firms/"
"gen-1756755914-zaIfJ0keXLMh0WKsNe5k","https://growthrocks.com/blog/ai-consulting-companies/"
"gen-1756755914-zaIfJ0keXLMh0WKsNe5k","https://www.miquido.com/blog/top-ai-consulting-companies/"
"gen-1756755914-zaIfJ0keXLMh0WKsNe5k","https://www.superside.com/blog/ai-consulting-companies"
"gen-1756755914-zaIfJ0keXLMh0WKsNe5k","https://www.theconsultingreport.com/the-top-25-artificial-intelligence-consultants-and-leaders-of-2025/"
"gen-1756755921-ijYXsaeKM1M19jgsGUEO","https://binariks.com/blog/top-ai-consulting-firms/"
"gen-1756755921-ijYXsaeKM1M19jgsGUEO","https://rsmus.com/services/digital-transformation/artificial-intelligence/agentic-ai.html"
"gen-1756755921-ijYXsaeKM1M19jgsGUEO","https://growthrocks.com/blog/ai-consulting-companies/"
"gen-1756755921-ijYXsaeKM1M19jgsGUEO","https://www.fairmarkit.com/blog/what-is-agentic-ai-and-why-procurement-cant-ignore-it"
"gen-1756755921-ijYXsaeKM1M19jgsGUEO","https://www.theconsultingreport.com/the-top-25-artificial-intelligence-consultants-and-leaders-of-2025/"
"gen-1756755930-WL43yS7TADmuJ9okCTub","https://indatalabs.com/blog/top-ai-consulting-firms"
"gen-1756755930-WL43yS7TADmuJ9okCTub","https://rtslabs.com/guide-to-ai-consulting-firms"
"gen-1756755930-WL43yS7TADmuJ9okCTub","https://rtslabs.com/comparing-top-ai-consulting-services"
"gen-1756755930-WL43yS7TADmuJ9okCTub","https://www.quinnox.com/blogs/choose-right-ai-consulting-firm/"
"gen-1756755930-WL43yS7TADmuJ9okCTub","https://aimagazine.com/top10/top-10-global-ai-consulting-firms"
"gen-1756755941-DdEBDmjm1hPIm7wj1LKa","https://www.boardofinnovation.com/blog/top-ai-consulting-firms-in-2025/"
"gen-1756755941-DdEBDmjm1hPIm7wj1LKa","https://deviniti.com/blog/enterprise-software/best-ai-agent-development-companies/"
"gen-1756755941-DdEBDmjm1hPIm7wj1LKa","https://rtslabs.com/comparing-top-ai-consulting-services"
"gen-1756755941-DdEBDmjm1hPIm7wj1LKa","https://sendbird.com/blog/agentic-ai-companies"
"gen-1756755941-DdEBDmjm1hPIm7wj1LKa","https://www.superside.com/blog/ai-consulting-companies"
"gen-1756755952-ozM4jnfZgsE0J5X8XIdS","https://www.boardofinnovation.com/blog/top-ai-consulting-firms-in-2025/"
"gen-1756755952-ozM4jnfZgsE0J5X8XIdS","https://www.designveloper.com/blog/top-agentic-ai-companies/"
"gen-1756755952-ozM4jnfZgsE0J5X8XIdS","https://www.gestisoft.com/en/blog/top-ai-consulting-firms"
"gen-1756755952-ozM4jnfZgsE0J5X8XIdS","https://ziphq.com/blog/ai-agents-examples"
"gen-1756755952-ozM4jnfZgsE0J5X8XIdS","https://www.singlestoneconsulting.com/blog/10-best-ai-strategy-consulting-services-in-2025"
"gen-1756755961-Lm9pdLqFJhcLzJlf3g2x","https://www.boardofinnovation.com/blog/top-ai-consulting-firms-in-2025/"
"gen-1756755961-Lm9pdLqFJhcLzJlf3g2x","https://rtslabs.com/comparing-top-ai-consulting-services"
"gen-1756755961-Lm9pdLqFJhcLzJlf3g2x","https://www.superside.com/blog/ai-consulting-companies"
"gen-1756755961-Lm9pdLqFJhcLzJlf3g2x","https://aimagazine.com/top10/top-10-global-ai-consulting-firms"
"gen-1756755961-Lm9pdLqFJhcLzJlf3g2x","https://www.theconsultingreport.com/the-top-25-artificial-intelligence-consultants-and-leaders-of-2025/"
"gen-1756755974-HAN0hEV4sntJOvguakqC","https://binariks.com/blog/top-ai-consulting-firms/"
"gen-1756755974-HAN0hEV4sntJOvguakqC","https://procurementmag.com/top10/top-10-companies-agentic-ai"
"gen-1756755974-HAN0hEV4sntJOvguakqC","https://rtslabs.com/top-machine-learning-consulting-companies"
"gen-1756755974-HAN0hEV4sntJOvguakqC","https://www.designveloper.com/blog/top-agentic-ai-companies/"
"gen-1756755974-HAN0hEV4sntJOvguakqC","https://aimagazine.com/top10/top-10-global-ai-consulting-firms"
"gen-1756755980-7MEw4Vc6NMy9nMRvvHMF","https://www.boardofinnovation.com/blog/top-ai-consulting-firms-in-2025/"
"gen-1756755980-7MEw4Vc6NMy9nMRvvHMF","https://www.accelirate.com/ai-agents-in-procurement/"
"gen-1756755980-7MEw4Vc6NMy9nMRvvHMF","https://binariks.com/blog/top-ai-consulting-firms/"
"gen-1756755980-7MEw4Vc6NMy9nMRvvHMF","https://www.jaggaer.com/blog/agentic-ai-in-procurement-complete-guide"
"gen-1756755980-7MEw4Vc6NMy9nMRvvHMF","https://www.miquido.com/blog/top-ai-consulting-companies/"
"gen-1756755987-Q1E4dL9Q5XspBUSm3Clw","https://www.designveloper.com/blog/top-agentic-ai-companies/"
"gen-1756755987-Q1E4dL9Q5XspBUSm3Clw","https://www.entrans.ai/blog/top-agentic-ai-development-companies"
"gen-1756755987-Q1E4dL9Q5XspBUSm3Clw","https://dextralabs.com/blog/top-ai-consulting-companies/"
"gen-1756755987-Q1E4dL9Q5XspBUSm3Clw","https://www.xenonstack.com/blog/top-ai-strategy-engineering-companies"
"gen-1756755987-Q1E4dL9Q5XspBUSm3Clw","https://www.crn.com/news/ai/2025/10-hottest-agentic-ai-tools-and-agents-of-2025-so-far"
"gen-1756755995-0w0eInzlSd5XIo6vHAxn","https://binariks.com/blog/top-ai-consulting-firms/"
"gen-1756755995-0w0eInzlSd5XIo6vHAxn","https://kanerika.com/blogs/generative-ai-consulting/"
"gen-1756755995-0w0eInzlSd5XIo6vHAxn","https://www.miquido.com/blog/top-ai-consulting-companies/"
"gen-1756755995-0w0eInzlSd5XIo6vHAxn","https://research.aimultiple.com/agentic-ai-companies/"
"gen-1756755995-0w0eInzlSd5XIo6vHAxn","https://clutch.co/consulting/ai"
"gen-1756756005-1J0Y8mrroCd14Zl3SVZr","https://binariks.com/blog/top-ai-consulting-firms/"
"gen-1756756005-1J0Y8mrroCd14Zl3SVZr","https://www.entrans.ai/blog/top-agentic-ai-development-companies"
"gen-1756756005-1J0Y8mrroCd14Zl3SVZr","https://www.gestisoft.com/en/blog/top-ai-consulting-firms"
"gen-1756756005-1J0Y8mrroCd14Zl3SVZr","https://www.designveloper.com/blog/top-agentic-ai-companies/"
"gen-1756756005-1J0Y8mrroCd14Zl3SVZr","https://www.superside.com/blog/ai-consulting-companies"
"gen-1756756014-S0UEJ6Tb8KlSBfCfoR9J","https://binariks.com/blog/top-ai-consulting-firms/"
"gen-1756756014-S0UEJ6Tb8KlSBfCfoR9J","https://centricconsulting.com/technology-solutions/artificial-intelligence-consulting/ai-agent-development-services/"
"gen-1756756014-S0UEJ6Tb8KlSBfCfoR9J","https://growthrocks.com/blog/ai-consulting-companies/"
"gen-1756756014-S0UEJ6Tb8KlSBfCfoR9J","https://www.miquido.com/blog/top-ai-consulting-companies/"
"gen-1756756014-S0UEJ6Tb8KlSBfCfoR9J","https://www.superside.com/blog/ai-consulting-companies"
"gen-1756756020-QJXSMDkRMPEa44SeRMls","https://www.boardofinnovation.com/blog/top-ai-consulting-firms-in-2025/"
"gen-1756756020-QJXSMDkRMPEa44SeRMls","https://procurementmag.com/top10/top-10-companies-agentic-ai"
"gen-1756756020-QJXSMDkRMPEa44SeRMls","https://rtslabs.com/comparing-top-ai-consulting-services"
"gen-1756756020-QJXSMDkRMPEa44SeRMls","https://www.pwc.com/m1/en/publications/documents/2024/agentic-ai-the-new-frontier-in-genai-an-executive-playbook.pdf"
"gen-1756756020-QJXSMDkRMPEa44SeRMls","https://www.superside.com/blog/ai-consulting-companies"
"gen-1756756026-PpwuQv0j0kiioZwpxMuG","https://indatalabs.com/blog/top-ai-consulting-firms"
"gen-1756756026-PpwuQv0j0kiioZwpxMuG","https://rtslabs.com/comparing-top-ai-consulting-services"
"gen-1756756026-PpwuQv0j0kiioZwpxMuG","https://www.superside.com/blog/ai-consulting-companies"
"gen-1756756026-PpwuQv0j0kiioZwpxMuG","https://aimagazine.com/top10/top-10-global-ai-consulting-firms"
"gen-1756756026-PpwuQv0j0kiioZwpxMuG","https://www.theconsultingreport.com/the-top-consulting-firms-of-2025/"
"gen-1756756032-lPAWJM6eujnjbdcf4OMC","https://www.entrans.ai/blog/top-agentic-ai-development-companies"
"gen-1756756032-lPAWJM6eujnjbdcf4OMC","https://www.growexx.com/blog/top-ai-consulting-companies/"
"gen-1756756032-lPAWJM6eujnjbdcf4OMC","https://www.designveloper.com/blog/top-agentic-ai-companies/"
"gen-1756756032-lPAWJM6eujnjbdcf4OMC","https://www.multimodal.dev/post/36-top-agentic-ai-vendors-in-2024"
"gen-1756756032-lPAWJM6eujnjbdcf4OMC","https://binariks.com/blog/top-ai-consulting-firms/"
"gen-1756756042-Em8TqIw3IWUqKM5Jwl0a","https://www.entrans.ai/blog/top-agentic-ai-development-companies"
"gen-1756756042-Em8TqIw3IWUqKM5Jwl0a","https://www.altamira.ai/blog/best-ai-agent-development-companies/"
"gen-1756756042-Em8TqIw3IWUqKM5Jwl0a","https://binariks.com/blog/top-ai-consulting-firms/"
"gen-1756756042-Em8TqIw3IWUqKM5Jwl0a","https://procurementmag.com/top10/top-10-companies-agentic-ai"
"gen-1756756042-Em8TqIw3IWUqKM5Jwl0a","https://www.multimodal.dev/post/36-top-agentic-ai-vendors-in-2024"
"gen-1756756055-VLsea60IcklUbGc4nvP7","https://www.boardofinnovation.com/blog/top-ai-consulting-firms-in-2025/"
"gen-1756756055-VLsea60IcklUbGc4nvP7","https://www.sganalytics.com/blog/10-top-ai-consulting-companies/"
"gen-1756756055-VLsea60IcklUbGc4nvP7","https://rtslabs.com/comparing-top-ai-consulting-services"
"gen-1756756055-VLsea60IcklUbGc4nvP7","https://www.gestisoft.com/en/blog/top-ai-consulting-firms"
"gen-1756756055-VLsea60IcklUbGc4nvP7","https://www.superside.com/blog/ai-consulting-companies"
"gen-1756756064-o3eHbx3gWKrDdM87SBw1","https://www.boardofinnovation.com/blog/top-ai-consulting-firms-in-2025/"
"gen-1756756064-o3eHbx3gWKrDdM87SBw1","https://procurementmag.com/top10/top-10-companies-agentic-ai"
"gen-1756756064-o3eHbx3gWKrDdM87SBw1","https://indatalabs.com/blog/top-ai-consulting-firms"
"gen-1756756064-o3eHbx3gWKrDdM87SBw1","https://www.designveloper.com/blog/top-agentic-ai-companies/"
"gen-1756756064-o3eHbx3gWKrDdM87SBw1","https://rtslabs.com/comparing-top-ai-consulting-services"
"gen-1756756072-C76UR7e2ZmLMlP4vuHbg","https://www.designveloper.com/blog/top-agentic-ai-companies/"
"gen-1756756072-C76UR7e2ZmLMlP4vuHbg","https://www.entrans.ai/blog/top-agentic-ai-development-companies"
"gen-1756756072-C76UR7e2ZmLMlP4vuHbg","https://www.crn.com/news/ai/2025/10-hottest-agentic-ai-tools-and-agents-of-2025-so-far"
"gen-1756756072-C76UR7e2ZmLMlP4vuHbg","https://rsmus.com/services/digital-transformation/artificial-intelligence/agentic-ai.html"
"gen-1756756072-C76UR7e2ZmLMlP4vuHbg","https://binariks.com/blog/top-ai-consulting-firms/"
"gen-1756756082-YFd2yAufhhGqIUOmHalz","https://www.boardofinnovation.com/blog/top-ai-consulting-firms-in-2025/"
"gen-1756756082-YFd2yAufhhGqIUOmHalz","https://indatalabs.com/blog/top-ai-consulting-firms"
"gen-1756756082-YFd2yAufhhGqIUOmHalz","https://rtslabs.com/comparing-top-ai-consulting-services"
"gen-1756756082-YFd2yAufhhGqIUOmHalz","https://www.superside.com/blog/ai-consulting-companies"
"gen-1756756082-YFd2yAufhhGqIUOmHalz","https://aimagazine.com/top10/top-10-global-ai-consulting-firms"
"gen-1756756090-RJQDaMQy8eQghjYzMsI9","https://www.crn.com/news/ai/2025/10-hottest-agentic-ai-tools-and-agents-of-2025-so-far"
"gen-1756756090-RJQDaMQy8eQghjYzMsI9","https://www.entrans.ai/blog/top-agentic-ai-development-companies"
"gen-1756756090-RJQDaMQy8eQghjYzMsI9","https://binariks.com/blog/top-ai-consulting-firms/"
"gen-1756756090-RJQDaMQy8eQghjYzMsI9","https://www.mckinsey.com/capabilities/quantumblack/our-insights/seizing-the-agentic-ai-advantage"
"gen-1756756090-RJQDaMQy8eQghjYzMsI9","https://www.superside.com/blog/ai-consulting-companies"
"gen-1756756101-I9GpsAVP86gYzmwE23u3","https://www.boardofinnovation.com/blog/top-ai-consulting-firms-in-2025/"
"gen-1756756101-I9GpsAVP86gYzmwE23u3","https://techvify.com/artificial-intelligence-ai-consulting-firms/"
"gen-1756756101-I9GpsAVP86gYzmwE23u3","https://agathon.ai/insights/top-ai-consulting-companies-for-2025:-the-rise-of-boutique-technical-excellence"
"gen-1756756101-I9GpsAVP86gYzmwE23u3","https://scopicsoftware.com/blog/top-ai-consulting-companies/"
"gen-1756756101-I9GpsAVP86gYzmwE23u3","https://aimagazine.com/top10/top-10-global-ai-consulting-firms"
"gen-1756756108-gioDb4xj8RMuLRLAJS4N","https://www.boardofinnovation.com/blog/top-ai-consulting-firms-in-2025/"
"gen-1756756108-gioDb4xj8RMuLRLAJS4N","https://binariks.com/blog/top-ai-consulting-firms/"
"gen-1756756108-gioDb4xj8RMuLRLAJS4N","https://www.singlestoneconsulting.com/blog/10-best-ai-strategy-consulting-services-in-2025"
"gen-1756756108-gioDb4xj8RMuLRLAJS4N","https://growthrocks.com/blog/ai-consulting-companies/"
"gen-1756756108-gioDb4xj8RMuLRLAJS4N","https://rtslabs.com/top-machine-learning-consulting-companies"
"gen-1756756119-Ht8Xlo7Xq3f3sa6A0Te6","https://www.boardofinnovation.com/blog/top-ai-consulting-firms-in-2025/"
"gen-1756756119-Ht8Xlo7Xq3f3sa6A0Te6","https://www.acquisition-international.com/top-ai-agent-development-companies-how-to-choose-the-right-partner/"
"gen-1756756119-Ht8Xlo7Xq3f3sa6A0Te6","https://indatalabs.com/blog/top-ai-consulting-firms"
"gen-1756756119-Ht8Xlo7Xq3f3sa6A0Te6","https://techvify.com/artificial-intelligence-ai-consulting-firms/"
"gen-1756756119-Ht8Xlo7Xq3f3sa6A0Te6","https://www.growexx.com/blog/top-ai-consulting-companies/"
"gen-1756756124-oDPFWWkpCeCPOX3OXCGz","https://indatalabs.com/blog/top-ai-consulting-firms"
"gen-1756756124-oDPFWWkpCeCPOX3OXCGz","https://www.growexx.com/blog/top-ai-consulting-companies/"
"gen-1756756124-oDPFWWkpCeCPOX3OXCGz","https://www.superside.com/blog/ai-consulting-companies"
"gen-1756756124-oDPFWWkpCeCPOX3OXCGz","https://aimagazine.com/top10/top-10-global-ai-consulting-firms"
"gen-1756756124-oDPFWWkpCeCPOX3OXCGz","https://www.theconsultingreport.com/the-top-consulting-firms-of-2025/"
"gen-1756756136-JZqcwo9BkwldCosga82Z","https://www.designveloper.com/blog/top-agentic-ai-companies/"
"gen-1756756136-JZqcwo9BkwldCosga82Z","https://www.biz4group.com/blog/ai-consulting-companies-in-usa"
"gen-1756756136-JZqcwo9BkwldCosga82Z","https://procurementmag.com/top10/top-10-companies-agentic-ai"
"gen-1756756136-JZqcwo9BkwldCosga82Z","https://www.eweek.com/artificial-intelligence/ai-companies/"
"gen-1756756136-JZqcwo9BkwldCosga82Z","https://www.smartcat.com/blog/agentic-ai-companies/"
"gen-1756756145-I8mbaxPYlXO73IxFKoL4","https://www.designveloper.com/blog/top-agentic-ai-companies/"
"gen-1756756145-I8mbaxPYlXO73IxFKoL4","https://www.crn.com/news/ai/2025/10-hottest-agentic-ai-tools-and-agents-of-2025-so-far"
"gen-1756756145-I8mbaxPYlXO73IxFKoL4","https://binariks.com/blog/top-ai-consulting-firms/"
"gen-1756756145-I8mbaxPYlXO73IxFKoL4","https://kanerika.com/blogs/generative-ai-consulting/"
"gen-1756756145-I8mbaxPYlXO73IxFKoL4","https://sendbird.com/blog/agentic-ai-companies"
"gen-1756756154-uxPCVoraHfqJNfKXaYFu","https://www.boardofinnovation.com/blog/top-ai-consulting-firms-in-2025/"
"gen-1756756154-uxPCVoraHfqJNfKXaYFu","https://procurementmag.com/top10/top-10-companies-agentic-ai"
"gen-1756756154-uxPCVoraHfqJNfKXaYFu","https://rtslabs.com/comparing-top-ai-consulting-services"
"gen-1756756154-uxPCVoraHfqJNfKXaYFu","https://www.altamira.ai/blog/best-ai-agent-development-companies/"
"gen-1756756154-uxPCVoraHfqJNfKXaYFu","https://www.superside.com/blog/ai-consulting-companies"
"gen-1756756162-TiYexl1V6XB7pcViU268","https://www.boardofinnovation.com/blog/top-ai-consulting-firms-in-2025/"
"gen-1756756162-TiYexl1V6XB7pcViU268","https://www.citigroup.com/rcs/citigpa/storage/public/GPS%20Report_Agentic%20AI.pdf"
"gen-1756756162-TiYexl1V6XB7pcViU268","https://webisoft.com/articles/top-ai-consulting-companies/"
"gen-1756756162-TiYexl1V6XB7pcViU268","https://amazon.jobs/jobs/3019517"
"gen-1756756162-TiYexl1V6XB7pcViU268","https://www.singlestoneconsulting.com/blog/10-best-ai-strategy-consulting-services-in-2025"
"gen-1756756170-mNHwp2vloesBHTVUc0up","https://indatalabs.com/blog/top-ai-consulting-firms"
"gen-1756756170-mNHwp2vloesBHTVUc0up","https://procurementmag.com/top10/top-10-companies-agentic-ai"
"gen-1756756170-mNHwp2vloesBHTVUc0up","https://rtslabs.com/comparing-top-ai-consulting-services"
"gen-1756756170-mNHwp2vloesBHTVUc0up","https://sendbird.com/blog/agentic-ai-companies"
"gen-1756756170-mNHwp2vloesBHTVUc0up","https://aimagazine.com/top10/top-10-global-ai-consulting-firms"
"gen-1756756179-NAUjCR4BhEFYC8fFUugB","https://www.boardofinnovation.com/blog/top-ai-consulting-firms-in-2025/"
"gen-1756756179-NAUjCR4BhEFYC8fFUugB","https://www.sganalytics.com/blog/10-top-ai-consulting-companies/"
"gen-1756756179-NAUjCR4BhEFYC8fFUugB","https://www.superside.com/blog/ai-consulting-companies"
"gen-1756756179-NAUjCR4BhEFYC8fFUugB","https://scopicsoftware.com/blog/top-ai-consulting-companies/"
"gen-1756756179-NAUjCR4BhEFYC8fFUugB","https://kanerika.com/blogs/generative-ai-consulting/"
